activity_id,duration_sec,src_bytes,dst_bytes,packets,connections,request_frequency,upload_ratio,night_activity,unique_destinations,protocol_HTTP,protocol_HTTPS,protocol_TCP,protocol_UDP
1353,0.664243,-0.208678,0.584411,-0.28536,-0.39197,-0.256851,-0.429767,-0.389782,-0.200392,-0.378665,-0.478786,-1.026291,2.170225
414,0.447065,-0.232395,0.868369,-0.381282,-0.325783,-0.338877,-0.706992,-0.389782,-0.288849,-0.378665,-0.478786,-1.026291,2.170225
331,-0.324961,-0.240689,0.8134,-0.274075,-0.39197,-0.353246,-0.768076,-0.389782,-0.111934,-0.378665,-0.478786,0.974382,-0.460782
1358,1.367554,-0.278758,0.943594,-0.296645,0.005152,-0.220329,-1.172167,-0.389782,-0.200392,-0.378665,-0.478786,0.974382,-0.460782
541,-0.535945,-0.216517,1.108131,-0.296645,-0.325783,-0.339475,-0.627114,-0.389782,-0.288849,-0.378665,-0.478786,0.974382,-0.460782
443,-0.66718,-0.209695,0.909802,-0.116086,-0.160315,-0.233501,-0.52844,-0.389782,-0.288849,-0.378665,2.088616,-1.026291,-0.460782
252,-0.379836,-0.253224,-0.779307,-0.358712,-0.094129,-0.225717,-0.359286,2.565534,-0.333078,-0.378665,2.088616,-1.026291,-0.460782
386,0.254567,-0.224202,0.546108,-0.35307,-0.358876,-0.282596,-0.551934,-0.389782,-0.067706,-0.378665,-0.478786,0.974382,-0.460782
1073,-0.635533,-0.206398,-1.607978,-0.347427,-0.193409,-0.289182,0.932867,-0.389782,-0.200392,-0.378665,-0.478786,0.974382,-0.460782
795,0.146462,-0.201983,-0.064439,-0.471562,-0.39197,-0.286189,-0.143144,-0.389782,-0.200392,-0.378665,-0.478786,0.974382,-0.460782
1075,-0.229728,-0.254414,-0.840536,-0.685976,-0.160315,-0.156864,-0.34519,-0.389782,-0.156163,-0.378665,2.088616,-1.026291,-0.460782
1008,1.04111,-0.201457,0.85557,-0.302287,-0.458157,-0.217335,-0.448562,-0.389782,0.020752,-0.378665,-0.478786,0.974382,-0.460782
1446,0.710601,-0.176794,0.919378,-0.245863,-0.325783,-0.422698,-0.288805,-0.389782,-0.156163,-0.378665,-0.478786,0.974382,-0.460782
1222,0.022097,-0.225356,0.103689,-0.347427,-0.49125,-0.21973,-0.425068,-0.389782,-0.111934,-0.378665,-0.478786,0.974382,-0.460782
1147,0.950038,-0.157256,0.856031,-0.104801,-0.458157,-0.338877,-0.143144,-0.389782,-0.288849,-0.378665,-0.478786,-1.026291,2.170225
1342,0.587495,-0.231042,-0.245918,-0.003236,-0.094129,-0.266431,-0.34519,2.565534,-0.156163,-0.378665,-0.478786,0.974382,-0.460782
1777,-1.658126,0.406385,-2.087043,2.705154,1.957666,2.873892,2.741881,-0.389782,0.639953,-0.378665,-0.478786,-1.026291,2.170225
1079,-0.289249,-0.243487,1.902827,-0.409495,-0.226502,-0.295768,-0.979519,2.565534,-0.156163,2.640859,-0.478786,-1.026291,-0.460782
1657,-1.487597,-0.105324,-1.866524,2.614874,5.002263,2.833179,1.914903,2.565534,3.957104,-0.378665,-0.478786,0.974382,-0.460782
1021,-0.865292,-0.180964,1.229578,-0.409495,-0.325783,-0.127526,-0.401574,-0.389782,-0.067706,-0.378665,2.088616,-1.026291,-0.460782
895,-0.266602,-0.223893,0.444918,-0.116086,-0.226502,-0.361029,-0.519043,-0.389782,-0.24462,-0.378665,-0.478786,0.974382,-0.460782
1723,3.964298,4.353912,-0.814203,1.424311,-0.458157,-0.458023,2.840555,-0.389782,-0.24462,-0.378665,-0.478786,0.974382,-0.460782
126,0.613916,-0.188721,-0.101729,-0.471562,-0.193409,-0.22931,-0.016278,-0.389782,-0.24462,-0.378665,-0.478786,0.974382,-0.460782
1368,-0.377804,-0.148917,-0.385319,-0.652121,-0.226502,-0.363424,0.420705,-0.389782,-0.156163,2.640859,-0.478786,-1.026291,-0.460782
653,-0.43684,-0.201883,0.10507,-0.279717,-0.292689,-0.216138,-0.213625,-0.389782,-0.377306,-0.378665,-0.478786,-1.026291,2.170225
1404,1.095695,-0.179292,-0.43817,-0.26279,-0.59053,-0.231106,0.223358,-0.389782,-0.288849,-0.378665,-0.478786,0.974382,-0.460782
417,0.679824,-0.190129,0.153501,-0.116086,-0.425063,-0.280201,-0.133746,-0.389782,-0.200392,2.640859,-0.478786,-1.026291,-0.460782
195,-0.181434,-0.176676,0.104702,-0.347427,-0.193409,-0.316125,-0.011579,-0.389782,-0.200392,2.640859,-0.478786,-1.026291,-0.460782
444,0.839127,-0.236265,-0.242143,-0.437707,-0.160315,-0.259845,-0.406273,-0.389782,-0.200392,-0.378665,-0.478786,0.974382,-0.460782
1472,-0.771027,-0.208832,0.481103,-0.274075,-0.160315,-0.197577,-0.401574,-0.389782,-0.156163,-0.378665,2.088616,-1.026291,-0.460782
278,-0.555495,-0.190865,-0.110845,-0.313572,-0.39197,-0.287386,-0.030374,-0.389782,-0.200392,-0.378665,-0.478786,0.974382,-0.460782
951,0.292118,-0.258965,1.476706,-0.087873,-0.061035,-0.177819,-1.05,-0.389782,-0.377306,-0.378665,2.088616,-1.026291,-0.460782
1365,-0.904779,-0.234194,-0.640642,0.053189,-0.49125,-0.322711,-0.19483,-0.389782,-0.156163,-0.378665,2.088616,-1.026291,-0.460782
1204,0.209563,-0.202356,0.015021,-0.21765,-0.061035,-0.126328,-0.180734,-0.389782,-0.24462,-0.378665,-0.478786,0.974382,-0.460782
1405,-0.741702,-0.223757,0.06999,-0.245863,-0.226502,-0.253857,-0.396876,-0.389782,-0.333078,-0.378665,-0.478786,-1.026291,2.170225
913,-0.786996,-0.218398,-1.160403,-0.223293,-0.127222,-0.368813,0.340826,2.565534,-0.333078,-0.378665,-0.478786,0.974382,-0.460782
768,0.141042,-0.222367,0.077908,-0.161225,-0.458157,-0.16345,-0.387478,-0.389782,-0.24462,-0.378665,-0.478786,0.974382,-0.460782
714,0.75212,-0.21599,0.782463,-0.116086,-0.127222,-0.193386,-0.547235,-0.389782,-0.156163,-0.378665,-0.478786,0.974382,-0.460782
1775,0.297634,-0.15077,-0.131009,-0.21765,0.005152,-0.255654,0.275044,2.565534,-0.156163,-0.378665,-0.478786,0.974382,-0.460782
1240,1.174378,-0.248464,0.947369,-0.358712,-0.027942,-0.222125,-0.866749,-0.389782,-0.24462,-0.378665,-0.478786,0.974382,-0.460782
1139,-1.246998,-0.19488,0.776755,-0.223293,-0.160315,-0.204163,-0.378081,-0.389782,-0.111934,-0.378665,2.088616,-1.026291,-0.460782
651,-0.074491,-0.210949,0.646653,-0.274075,-0.292689,-0.259246,-0.467357,-0.389782,-0.200392,-0.378665,-0.478786,0.974382,-0.460782
1017,0.939199,-0.225546,-0.070977,-0.206365,-0.226502,-0.283195,-0.359286,-0.389782,-0.377306,-0.378665,-0.478786,0.974382,-0.460782
834,-0.360673,-0.204599,0.987421,-0.381282,-0.259596,-0.347259,-0.509645,2.565534,-0.200392,-0.378665,2.088616,-1.026291,-0.460782
818,0.130493,-0.197887,-0.684378,-0.228935,-0.425063,-0.273615,0.209261,-0.389782,-0.24462,-0.378665,-0.478786,0.974382,-0.460782
660,0.653597,-0.231914,-0.67692,-0.21765,-0.226502,-0.177819,-0.147843,-0.389782,-0.200392,-0.378665,-0.478786,0.974382,-0.460782
492,-0.295636,-0.182953,-1.550155,-0.347427,-0.358876,-0.253857,1.078528,-0.389782,-0.200392,-0.378665,2.088616,-1.026291,-0.460782
801,-0.657115,-0.13263,0.666909,-0.223293,-0.127222,-0.17722,0.068299,-0.389782,-0.067706,2.640859,-0.478786,-1.026291,-0.460782
121,0.148397,-0.24524,0.484878,-0.251505,-0.358876,-0.296966,-0.735185,-0.389782,-0.333078,-0.378665,2.088616,-1.026291,-0.460782
978,-0.544074,-0.281938,2.229508,-0.448992,-0.259596,-0.261641,-1.327226,-0.389782,-0.24462,-0.378665,-0.478786,0.974382,-0.460782
1191,-0.71141,-0.187304,1.010992,-0.189438,-0.193409,-0.28559,-0.387478,-0.389782,-0.288849,-0.378665,-0.478786,-1.026291,2.170225
458,-0.137979,-0.233104,-1.578054,-0.133013,-0.061035,-0.349055,0.589859,-0.389782,-0.377306,-0.378665,-0.478786,0.974382,-0.460782
410,-0.235245,-0.209377,0.194014,-0.544914,-0.39197,-0.254456,-0.3076,-0.389782,-0.156163,-0.378665,-0.478786,-1.026291,2.170225
186,-0.946008,-0.142304,1.833587,-0.448992,-0.160315,-0.100583,-0.312298,-0.389782,-0.111934,-0.378665,-0.478786,0.974382,-0.460782
1282,0.062552,-0.203237,1.260975,-0.291002,-0.094129,-0.323908,-0.56603,-0.389782,-0.24462,2.640859,-0.478786,-1.026291,-0.460782
1335,-1.769522,-0.16147,0.580636,-0.212008,-0.358876,-0.398749,-0.08206,-0.389782,-0.24462,-0.378665,-0.478786,-1.026291,2.170225
1400,0.412901,-0.245167,-0.745699,-0.183795,-0.193409,-0.206558,-0.27001,-0.389782,-0.24462,2.640859,-0.478786,-1.026291,-0.460782
586,-0.134785,-0.228162,-1.135451,-0.409495,-0.39197,-0.252061,0.209261,-0.389782,-0.377306,-0.378665,-0.478786,0.974382,-0.460782
1384,-0.000937,-0.188113,0.678971,-0.460277,-0.325783,-0.262838,-0.298202,-0.389782,-0.288849,2.640859,-0.478786,-1.026291,-0.460782
288,0.811931,-0.268103,0.523641,0.103971,-0.292689,-0.216736,-0.984218,-0.389782,-0.288849,-0.378665,-0.478786,0.974382,-0.460782
1409,1.135085,-0.155039,0.687718,-0.567484,-0.425063,-0.317921,-0.077362,2.565534,-0.156163,-0.378665,-0.478786,0.974382,-0.460782
54,-0.805384,-0.198168,0.087116,-0.291002,-0.127222,-0.290978,-0.171336,-0.389782,-0.111934,-0.378665,-0.478786,0.974382,-0.460782
1718,-1.769522,-0.015578,-2.028483,1.796715,3.215217,4.776647,2.351886,-0.389782,4.487848,-0.378665,-0.478786,0.974382,-0.460782
1697,-1.527955,-0.023254,-1.822236,0.391737,4.902983,6.048942,2.116949,2.565534,4.178247,-0.378665,-0.478786,0.974382,-0.460782
362,0.033034,-0.173479,0.153225,-0.161225,-0.292689,-0.203564,-0.00688,-0.389782,-0.288849,-0.378665,2.088616,-1.026291,-0.460782
1527,-0.685085,-0.232632,-0.456125,-0.324857,-0.425063,-0.30894,-0.27001,-0.389782,-0.156163,-0.378665,2.088616,-1.026291,-0.460782
1307,-0.219276,-0.185297,-1.040246,-0.144298,-0.39197,-0.167042,0.566366,-0.389782,-0.288849,-0.378665,-0.478786,0.974382,-0.460782
1554,-0.683924,-0.215164,1.107026,-0.420779,-0.39197,-0.308341,-0.617716,-0.389782,-0.377306,-0.378665,2.088616,-1.026291,-0.460782
1067,-0.212791,-0.205808,1.13336,-0.138656,-0.292689,-0.220927,-0.551934,-0.389782,-0.067706,-0.378665,-0.478786,-1.026291,2.170225
169,-0.219566,-0.230588,-0.308529,-0.274075,-0.226502,-0.270622,-0.312298,-0.389782,-0.24462,-0.378665,-0.478786,-1.026291,2.170225
1655,2.484703,3.131126,-2.193573,1.14783,-0.49125,-0.398151,2.962722,2.565534,-0.377306,-0.378665,2.088616,-1.026291,-0.460782
17,0.495165,-0.239717,0.033804,-0.166868,-0.160315,-0.307144,-0.542537,-0.389782,-0.377306,-0.378665,-0.478786,0.974382,-0.460782
1413,0.25147,-0.234794,-0.326023,0.126541,-0.226502,-0.340673,-0.354587,2.565534,-0.377306,-0.378665,-0.478786,0.974382,-0.460782
1642,3.784188,4.20028,-1.215096,1.514591,-0.557437,-0.413717,2.873446,2.565534,-0.333078,-0.378665,2.088616,-1.026291,-0.460782
998,0.130299,-0.230969,-1.330005,-0.28536,-0.39197,-0.279603,0.345525,-0.389782,-0.288849,-0.378665,-0.478786,0.974382,-0.460782
804,-0.366093,-0.200703,0.688087,-0.403852,-0.425063,-0.229908,-0.396876,-0.389782,-0.377306,2.640859,-0.478786,-1.026291,-0.460782
532,0.505327,-0.181754,0.501728,-0.257148,-0.557437,-0.182609,-0.19483,-0.389782,-0.377306,2.640859,-0.478786,-1.026291,-0.460782
750,0.449872,-0.200803,1.656528,-0.358712,-0.458157,-0.21494,-0.631813,-0.389782,-0.24462,2.640859,-0.478786,-1.026291,-0.460782
1143,0.805834,-0.241888,0.889638,-0.386925,-0.325783,-0.332291,-0.796268,-0.389782,-0.200392,-0.378665,-0.478786,0.974382,-0.460782
1040,1.026786,-0.197532,-0.104768,-0.3305,-0.358876,-0.185602,-0.086759,-0.389782,-0.288849,-0.378665,-0.478786,0.974382,-0.460782
705,0.142397,-0.226255,0.224399,-0.471562,-0.160315,-0.364023,-0.472056,-0.389782,-0.288849,-0.378665,-0.478786,0.974382,-0.460782
434,-1.315616,-0.219924,0.186464,-0.296645,-0.292689,-0.213144,-0.401574,-0.389782,-0.200392,-0.378665,-0.478786,0.974382,-0.460782
598,0.265503,-0.251153,0.939911,-0.155583,-0.325783,-0.286189,-0.890243,-0.389782,-0.333078,-0.378665,-0.478786,0.974382,-0.460782
699,-0.397644,-0.282801,1.149473,-0.527987,-0.193409,-0.227513,-1.23795,2.565534,-0.288849,-0.378665,-0.478786,0.974382,-0.460782
542,0.296666,-0.168546,0.932545,-0.364355,-0.226502,-0.15387,-0.237119,-0.389782,-0.24462,-0.378665,-0.478786,-1.026291,2.170225
1362,0.651564,-0.212402,0.7495,-0.121728,-0.292689,-0.292775,-0.509645,-0.389782,-0.111934,-0.378665,2.088616,-1.026291,-0.460782
1110,0.26047,-0.188095,0.404497,-0.291002,-0.358876,-0.27601,-0.208926,-0.389782,-0.111934,-0.378665,-0.478786,0.974382,-0.460782
832,0.733054,-0.237455,0.775097,-0.223293,-0.094129,-0.225118,-0.730486,-0.389782,-0.200392,-0.378665,-0.478786,0.974382,-0.460782
553,-0.80432,-0.240734,0.55375,-0.189438,-0.358876,-0.301755,-0.706992,-0.389782,-0.288849,-0.378665,2.088616,-1.026291,-0.460782
655,-0.199435,-0.223702,0.723996,-0.465919,-0.292689,-0.310138,-0.594223,-0.389782,-0.24462,-0.378665,2.088616,-1.026291,-0.460782
259,0.283891,-0.192809,0.77123,-0.161225,-0.292689,-0.252061,-0.363985,-0.389782,-0.333078,-0.378665,-0.478786,0.974382,-0.460782
686,0.360252,-0.175723,-0.301716,-0.336142,-0.292689,-0.16345,0.181069,-0.389782,-0.333078,-0.378665,-0.478786,-1.026291,2.170225
1487,0.160495,-0.241406,-0.112502,-0.454634,-0.226502,-0.217934,-0.509645,-0.389782,-0.377306,-0.378665,-0.478786,0.974382,-0.460782
1027,0.510747,-0.192091,1.780736,-0.212008,-0.325783,-0.19159,-0.598921,-0.389782,-0.067706,-0.378665,-0.478786,0.974382,-0.460782
780,0.13388,-0.223103,-0.912354,-0.093516,-0.226502,-0.186201,0.10119,-0.389782,-0.24462,-0.378665,2.088616,-1.026291,-0.460782
1269,-0.124914,-0.210468,0.790658,-0.228935,-0.160315,-0.22452,-0.504947,-0.389782,-0.156163,-0.378665,-0.478786,-1.026291,2.170225
1105,0.566396,-0.198868,0.483773,-0.189438,-0.094129,-0.244876,-0.321696,-0.389782,-0.333078,-0.378665,-0.478786,0.974382,-0.460782
1134,-1.22019,-0.25436,1.616199,-0.437707,-0.325783,-0.287386,-1.031205,2.565534,-0.24462,-0.378665,-0.478786,0.974382,-0.460782
1478,-0.034907,-0.229679,0.303491,-0.505417,-0.160315,-0.280201,-0.52844,-0.389782,-0.288849,-0.378665,-0.478786,0.974382,-0.460782
141,-0.214533,-0.201983,-0.324274,-0.539272,-0.193409,-0.215539,-0.025675,-0.389782,-0.200392,-0.378665,-0.478786,0.974382,-0.460782
1295,-0.63321,-0.276569,1.631575,-0.161225,-0.160315,-0.202966,-1.228552,-0.389782,-0.156163,-0.378665,-0.478786,0.974382,-0.460782
1608,3.367543,5.405363,-1.115471,1.328389,-0.59053,-0.392163,2.892241,-0.389782,-0.377306,-0.378665,-0.478786,0.974382,-0.460782
1056,0.175302,-0.237237,0.410942,-0.336142,-0.292689,-0.199972,-0.636511,-0.389782,-0.288849,-0.378665,-0.478786,0.974382,-0.460782
641,-0.334155,-0.192545,-0.547279,-0.121728,-0.193409,-0.253857,0.17637,2.565534,-0.200392,-0.378665,-0.478786,0.974382,-0.460782
462,0.4009,-0.256304,-1.123666,-0.516702,-0.292689,-0.165246,-0.190131,-0.389782,-0.156163,2.640859,-0.478786,-1.026291,-0.460782
1271,-0.34935,-0.196878,0.480182,-0.511059,-0.226502,-0.291577,-0.302901,-0.389782,-0.111934,-0.378665,2.088616,-1.026291,-0.460782
1395,0.458485,-0.209832,-1.862012,-0.561841,-0.259596,-0.222125,1.266477,-0.389782,-0.111934,2.640859,-0.478786,-1.026291,-0.460782
324,0.187787,-0.177094,-0.198408,-0.065303,-0.061035,-0.293373,0.119985,-0.389782,-0.24462,-0.378665,-0.478786,0.974382,-0.460782
207,-0.044972,-0.198995,-0.347569,-0.381282,-0.325783,-0.274813,0.011914,-0.389782,-0.24462,-0.378665,-0.478786,0.974382,-0.460782
1658,1.065789,-0.09892,1.312721,-0.048376,-0.49125,-0.120341,0.044806,2.565534,0.020752,-0.378665,2.088616,-1.026291,-0.460782
1607,-1.350264,0.827112,-2.301853,5.554606,2.685722,1.401623,2.915734,-0.389782,1.170697,-0.378665,-0.478786,-1.026291,2.170225
128,-0.647824,-0.226364,0.466555,-0.144298,-0.259596,-0.267628,-0.547235,-0.389782,-0.156163,2.640859,-0.478786,-1.026291,-0.460782
254,0.668598,-0.260037,-0.333758,-0.448992,-0.226502,-0.319119,-0.655306,-0.389782,-0.24462,2.640859,-0.478786,-1.026291,-0.460782
144,0.476196,-0.201148,0.011154,-0.313572,-0.226502,-0.293373,-0.166638,-0.389782,-0.156163,-0.378665,-0.478786,0.974382,-0.460782
1690,-1.577894,0.352083,-2.023327,4.014209,3.14903,3.038542,2.680797,-0.389782,0.72841,-0.378665,-0.478786,-1.026291,2.170225
847,-0.173111,-0.187749,-1.619119,-0.268433,-0.193409,-0.298762,1.120817,-0.389782,-0.067706,-0.378665,-0.478786,0.974382,-0.460782
1705,-1.606638,0.164687,-1.952153,4.742089,3.479964,1.327979,2.511643,-0.389782,1.347612,-0.378665,-0.478786,0.974382,-0.460782
501,-0.385353,-0.1697,-0.094087,-0.30793,-0.358876,-0.296367,0.124684,-0.389782,-0.156163,-0.378665,2.088616,-1.026291,-0.460782
1686,-1.422076,-0.085622,-1.756863,0.233748,5.035357,4.384481,1.858518,-0.389782,3.559046,-0.378665,-0.478786,0.974382,-0.460782
531,-0.681891,-0.227963,-2.104629,-0.234578,-0.358876,-0.302354,1.5531,-0.389782,-0.24462,-0.378665,-0.478786,0.974382,-0.460782
507,0.177045,-0.250926,0.485983,-0.228935,-0.292689,-0.332889,-0.79157,-0.389782,-0.067706,-0.378665,-0.478786,0.974382,-0.460782
1060,1.137407,-0.154612,2.214131,-0.302287,-0.259596,-0.189794,-0.457959,-0.389782,-0.333078,2.640859,-0.478786,-1.026291,-0.460782
1810,3.834321,5.763958,-0.863647,1.159115,-0.59053,-0.40294,2.882843,-0.389782,-0.377306,-0.378665,-0.478786,0.974382,-0.460782
1347,0.055971,-0.226418,-0.221519,-0.454634,-0.127222,-0.400545,-0.3076,-0.389782,-0.24462,-0.378665,-0.478786,0.974382,-0.460782
736,0.45442,-0.256095,0.92122,-0.511059,-0.325783,-0.322112,-0.937231,-0.389782,-0.111934,-0.378665,2.088616,-1.026291,-0.460782
1044,-0.108267,-0.248156,0.525115,-0.26279,-0.061035,-0.216736,-0.772775,-0.389782,-0.200392,-0.378665,-0.478786,-1.026291,2.170225
1022,0.879485,-0.191673,1.471458,-0.358712,-0.358876,-0.218532,-0.52844,-0.389782,-0.377306,-0.378665,2.088616,-1.026291,-0.460782
305,-0.05194,-0.153041,0.776386,-0.24022,-0.425063,-0.25745,-0.091458,-0.389782,-0.333078,-0.378665,-0.478786,0.974382,-0.460782
291,1.474207,-0.249782,-0.726087,-0.076588,-0.094129,-0.356838,-0.340491,-0.389782,-0.067706,-0.378665,-0.478786,-1.026291,2.170225
1259,0.078327,-0.18606,-0.874788,-0.454634,-0.094129,-0.098787,0.4395,-0.389782,-0.156163,-0.378665,2.088616,-1.026291,-0.460782
1546,-0.02039,-0.177585,0.139046,-0.121728,-0.259596,-0.22452,-0.030374,-0.389782,-0.24462,-0.378665,-0.478786,-1.026291,2.170225
1625,5.829665,3.566977,-1.30717,1.238109,-0.59053,-0.400545,2.864048,2.565534,-0.377306,-0.378665,2.088616,-1.026291,-0.460782
1639,-1.466886,0.506296,-2.192284,4.087561,1.759105,3.706123,2.826458,-0.389782,0.905325,-0.378665,-0.478786,0.974382,-0.460782
1207,0.866613,-0.211349,1.334727,-0.347427,-0.193409,-0.289781,-0.64121,-0.389782,-0.333078,-0.378665,-0.478786,0.974382,-0.460782
230,-0.404419,-0.132039,-0.731704,-0.251505,-0.325783,-0.234698,0.73552,-0.389782,-0.377306,-0.378665,-0.478786,0.974382,-0.460782
487,-0.463068,-0.215382,1.27718,-0.110443,-0.226502,-0.17243,-0.655306,-0.389782,-0.288849,-0.378665,-0.478786,0.974382,-0.460782
1558,-0.813901,-0.159399,-0.434211,-0.341785,-0.127222,-0.30894,0.373717,-0.389782,-0.067706,-0.378665,-0.478786,0.974382,-0.460782
511,0.797414,-0.212184,1.657264,-0.116086,-0.458157,-0.211946,-0.711691,2.565534,-0.377306,2.640859,-0.478786,-1.026291,-0.460782
1785,-1.465531,0.092954,-2.096342,5.469968,1.461264,3.127753,2.568028,-0.389782,1.08224,-0.378665,-0.478786,0.974382,-0.460782
148,0.3588,-0.266713,1.341172,-0.251505,-0.193409,-0.28559,-1.101686,-0.389782,-0.156163,-0.378665,-0.478786,-1.026291,2.170225
604,-0.633694,-0.247729,-0.982699,-0.26279,-0.226502,-0.141895,-0.161939,-0.389782,-0.156163,-0.378665,2.088616,-1.026291,-0.460782
874,-0.4952,-0.263098,0.035554,-0.19508,-0.027942,0.004793,-0.810365,-0.389782,-0.24462,-0.378665,2.088616,-1.026291,-0.460782
843,-0.053102,-0.294682,0.791671,-0.099158,-0.458157,-0.386176,-1.336623,2.565534,-0.156163,-0.378665,-0.478786,-1.026291,2.170225
1231,0.287472,-0.200394,-0.06315,-0.21765,-0.127222,-0.308341,-0.129048,-0.389782,-0.288849,2.640859,-0.478786,-1.026291,-0.460782
526,0.157108,-0.22521,0.447312,-0.251505,-0.094129,-0.211348,-0.533139,-0.389782,-0.200392,-0.378665,-0.478786,0.974382,-0.460782
1158,0.520909,-0.239526,1.146618,-0.161225,-0.094129,-0.186201,-0.824461,-0.389782,-0.156163,-0.378665,-0.478786,0.974382,-0.460782
330,1.139053,-0.13858,1.358298,-0.336142,-0.193409,-0.251462,-0.176035,-0.389782,-0.156163,2.640859,-0.478786,-1.026291,-0.460782
1761,-1.317842,-0.228735,-0.39554,-0.268433,-0.458157,-0.099386,-0.255914,2.565534,-0.111934,-0.378665,-0.478786,-1.026291,2.170225
1366,0.485197,-0.165658,1.047914,-0.144298,-0.425063,-0.222125,-0.251215,-0.389782,-0.333078,-0.378665,-0.478786,0.974382,-0.460782
704,1.363586,-0.220369,1.071301,-0.296645,-0.061035,-0.269424,-0.650608,-0.389782,-0.111934,2.640859,-0.478786,-1.026291,-0.460782
157,0.459743,-0.194807,0.714328,-0.516702,-0.425063,-0.366418,-0.359286,-0.389782,-0.067706,-0.378665,-0.478786,0.974382,-0.460782
1153,0.763928,-0.145828,0.451087,-0.228935,-0.292689,-0.122736,0.063601,-0.389782,-0.333078,-0.378665,-0.478786,0.974382,-0.460782
137,0.576655,-0.147591,0.955287,-0.505417,-0.226502,-0.249666,-0.114951,-0.389782,-0.156163,2.640859,-0.478786,-1.026291,-0.460782
1650,-1.553602,0.048598,-1.713404,2.095766,5.631039,3.429511,2.168635,-0.389782,3.824418,-0.378665,-0.478786,0.974382,-0.460782
512,0.246243,-0.234049,-1.386355,-0.3305,-0.027942,-0.214341,0.359621,-0.389782,-0.24462,-0.378665,2.088616,-1.026291,-0.460782
514,0.287763,-0.210041,0.53644,-0.302287,-0.425063,-0.295768,-0.425068,-0.389782,-0.200392,2.640859,-0.478786,-1.026291,-0.460782
442,-1.769522,-0.201529,0.155803,-0.454634,-0.193409,-0.159258,-0.227721,-0.389782,-0.156163,-0.378665,-0.478786,0.974382,-0.460782
1039,0.527587,-0.208142,0.196408,-0.245863,-0.325783,-0.207157,-0.298202,-0.389782,-0.156163,-0.378665,2.088616,-1.026291,-0.460782
69,-0.545816,-0.14284,0.52401,-0.369997,-0.193409,-0.208354,0.054203,-0.389782,-0.333078,-0.378665,2.088616,-1.026291,-0.460782
885,1.266707,-0.195698,0.643799,-0.358712,-0.425063,-0.206558,-0.34519,-0.389782,-0.377306,2.640859,-0.478786,-1.026291,-0.460782
481,-0.663116,-0.189929,-0.170325,-0.26279,-0.061035,-0.288583,0.002517,-0.389782,-0.288849,-0.378665,2.088616,-1.026291,-0.460782
1343,-1.71755,-0.204036,-0.767981,-0.432064,-0.160315,-0.385577,0.204563,-0.389782,-0.111934,-0.378665,-0.478786,0.974382,-0.460782
36,0.108814,-0.197378,-0.401064,-0.24022,0.005152,-0.212545,0.054203,-0.389782,-0.377306,-0.378665,-0.478786,0.974382,-0.460782
106,-0.633694,-0.238527,0.420794,-0.268433,-0.325783,-0.233501,-0.650608,-0.389782,-0.156163,-0.378665,2.088616,-1.026291,-0.460782
1167,-0.122204,-0.14799,1.950982,-0.189438,-0.226502,-0.135908,-0.368683,-0.389782,-0.333078,-0.378665,-0.478786,0.974382,-0.460782
546,-1.513148,-0.219233,-0.826449,-0.291002,-0.325783,-0.210749,0.087094,-0.389782,-0.200392,-0.378665,2.088616,-1.026291,-0.460782
347,-0.012067,-0.274671,0.681457,-0.381282,-0.226502,-0.250265,-1.08759,-0.389782,-0.156163,-0.378665,-0.478786,-1.026291,2.170225
1573,-1.046274,-0.158927,-0.074844,-0.082231,-0.425063,-0.293373,0.195165,2.565534,-0.24462,2.640859,-0.478786,-1.026291,-0.460782
724,0.193691,-0.245022,0.100743,-0.556199,-0.027942,-0.431679,-0.622415,-0.389782,-0.377306,-0.378665,-0.478786,-1.026291,2.170225
1712,-1.456143,0.202212,-2.233902,4.567172,2.387881,1.303432,2.755977,-0.389782,1.347612,-0.378665,-0.478786,0.974382,-0.460782
1005,-0.1945,-0.224529,-0.780412,-0.189438,-0.226502,-0.234099,-0.002182,-0.389782,-0.156163,-0.378665,-0.478786,0.974382,-0.460782
990,0.001967,-0.207161,0.240788,-0.522344,-0.160315,-0.307743,-0.3076,-0.389782,-0.24462,-0.378665,-0.478786,0.974382,-0.460782
1754,2.378146,3.151628,-1.394641,0.899561,-0.557437,-0.416711,2.859349,2.565534,-0.377306,-0.378665,2.088616,-1.026291,-0.460782
1468,-1.367395,-0.271083,-0.74883,-0.319215,0.005152,-0.167641,-0.645909,-0.389782,-0.156163,-0.378665,-0.478786,-1.026291,2.170225
1470,-0.230406,-0.213547,0.390041,-0.268433,-0.325783,-0.225717,-0.410972,-0.389782,-0.200392,2.640859,-0.478786,-1.026291,-0.460782
534,1.192573,-0.232795,0.301465,-0.448992,-0.193409,-0.29038,-0.561332,-0.389782,-0.111934,-0.378665,2.088616,-1.026291,-0.460782
117,1.582796,-0.205426,-0.090588,-0.35307,-0.193409,-0.153271,-0.161939,-0.389782,-0.156163,-0.378665,-0.478786,0.974382,-0.460782
43,1.048368,-0.20856,0.466279,-0.082231,-0.39197,-0.219131,-0.392177,-0.389782,-0.288849,-0.378665,2.088616,-1.026291,-0.460782
426,0.297828,-0.186214,2.060091,-0.212008,-0.160315,-0.332291,-0.613018,-0.389782,-0.288849,2.640859,-0.478786,-1.026291,-0.460782
950,-0.205823,-0.162633,-0.557775,-0.35307,-0.325783,-0.405335,0.420705,-0.389782,-0.200392,-0.378665,2.088616,-1.026291,-0.460782
993,-0.257214,-0.177312,0.500807,-0.324857,-0.292689,-0.158061,-0.161939,-0.389782,-0.288849,2.640859,-0.478786,-1.026291,-0.460782
862,-0.642695,-0.188594,0.523273,-0.279717,-0.160315,-0.14429,-0.255914,-0.389782,-0.111934,-0.378665,2.088616,-1.026291,-0.460782
406,0.390641,-0.119177,0.229371,-0.443349,-0.259596,-0.269424,0.312634,-0.389782,-0.200392,-0.378665,-0.478786,0.974382,-0.460782
1805,1.388846,-0.114372,-0.711263,-0.3305,-0.127222,-0.135309,0.824796,2.565534,0.241895,-0.378665,-0.478786,0.974382,-0.460782
689,0.564945,-0.266296,-0.214061,-0.358712,-0.226502,-0.292176,-0.777473,-0.389782,-0.288849,-0.378665,-0.478786,0.974382,-0.460782
1196,-1.085083,-0.29312,0.553566,-0.251505,-0.259596,-0.176622,-1.289636,-0.389782,-0.288849,-0.378665,2.088616,-1.026291,-0.460782
1318,-0.680246,-0.202719,0.085919,-0.336142,-0.193409,-0.33708,-0.208926,-0.389782,-0.24462,-0.378665,-0.478786,0.974382,-0.460782
1215,-0.162659,-0.248501,1.527439,-0.054018,-0.292689,-0.184405,-0.970122,-0.389782,-0.200392,-0.378665,2.088616,-1.026291,-0.460782
377,0.107652,-0.19538,-1.526953,-0.110443,-0.325783,-0.328698,0.942265,-0.389782,-0.111934,-0.378665,-0.478786,0.974382,-0.460782
155,0.876388,-0.21163,-1.216109,-0.319215,-0.226502,-0.200571,0.462993,-0.389782,-0.200392,-0.378665,-0.478786,0.974382,-0.460782
79,-0.358931,-0.258638,-0.630698,-0.099158,-0.160315,-0.268826,-0.509645,-0.389782,-0.24462,-0.378665,-0.478786,0.974382,-0.460782
1638,-1.434561,0.481234,-2.347982,4.764658,2.156226,1.791993,2.901638,-0.389782,0.905325,-0.378665,-0.478786,-1.026291,2.170225
422,-0.23389,-0.153477,0.943318,-0.550556,-0.259596,-0.264036,-0.147843,-0.389782,-0.24462,2.640859,-0.478786,-1.026291,-0.460782
1323,-0.50362,-0.174151,0.28701,-0.35307,-0.061035,-0.317921,-0.063265,-0.389782,-0.288849,-0.378665,2.088616,-1.026291,-0.460782
364,-0.837613,-0.139115,-1.217306,-0.031448,-0.160315,-0.26224,1.055034,-0.389782,-0.111934,-0.378665,-0.478786,0.974382,-0.460782
691,-0.171853,-0.191837,-0.574993,0.070116,-0.39197,-0.378393,0.195165,-0.389782,-0.377306,-0.378665,-0.478786,0.974382,-0.460782
629,0.815222,-0.192618,-0.124012,-0.21765,-0.292689,-0.274813,-0.039772,-0.389782,-0.111934,-0.378665,-0.478786,-1.026291,2.170225
168,0.768573,-0.20697,0.67492,-0.189438,-0.524343,-0.277806,-0.443863,-0.389782,-0.156163,2.640859,-0.478786,-1.026291,-0.460782
493,0.402062,-0.25931,-0.316447,-0.302287,-0.127222,-0.141895,-0.650608,-0.389782,-0.288849,-0.378665,2.088616,-1.026291,-0.460782
1026,-0.227405,-0.244849,-0.523615,-0.223293,-0.325783,-0.350851,-0.378081,-0.389782,-0.288849,-0.378665,2.088616,-1.026291,-0.460782
1074,0.048228,-0.247883,1.51372,-0.415137,-0.193409,-0.227513,-0.960724,-0.389782,-0.24462,-0.378665,2.088616,-1.026291,-0.460782
960,-0.447196,-0.201011,0.029937,-0.104801,-0.292689,-0.258647,-0.176035,-0.389782,-0.067706,-0.378665,-0.478786,0.974382,-0.460782
717,-0.883874,-0.196043,-0.728113,-0.28536,-0.027942,-0.239488,0.25155,-0.389782,-0.200392,-0.378665,-0.478786,-1.026291,2.170225
1072,0.660565,-0.142767,-0.649573,-0.144298,-0.259596,-0.148481,0.613353,-0.389782,-0.111934,-0.378665,2.088616,-1.026291,-0.460782
78,0.743313,-0.241234,0.364352,-0.443349,-0.358876,-0.202367,-0.660005,-0.389782,-0.24462,-0.378665,-0.478786,-1.026291,2.170225
1469,-0.4501,-0.238073,-0.748001,-0.37564,-0.160315,-0.239488,-0.180734,-0.389782,-0.156163,-0.378665,2.088616,-1.026291,-0.460782
899,0.333734,-0.201747,0.669856,-0.539272,-0.292689,-0.235896,-0.401574,-0.389782,-0.288849,-0.378665,-0.478786,0.974382,-0.460782
427,-0.2877,-0.224247,-0.742108,-0.302287,-0.094129,-0.276609,-0.020977,-0.389782,-0.156163,-0.378665,-0.478786,-1.026291,2.170225
1555,0.045035,-0.241579,1.319258,-0.358712,-0.094129,-0.267029,-0.876147,-0.389782,-0.111934,-0.378665,-0.478786,0.974382,-0.460782
239,-1.30981,-0.182563,-0.174837,-0.228935,-0.39197,-0.205959,0.068299,-0.389782,-0.200392,2.640859,-0.478786,-1.026291,-0.460782
132,-0.252085,-0.219324,0.219887,-0.30793,-0.325783,-0.310736,-0.406273,-0.389782,-0.200392,-0.378665,2.088616,-1.026291,-0.460782
147,-0.453971,-0.212039,1.123231,-0.28536,-0.39197,-0.220927,-0.598921,-0.389782,-0.288849,-0.378665,-0.478786,-1.026291,2.170225
1581,0.426063,-0.141241,0.323563,-0.324857,-0.226502,-0.338877,0.143479,2.565534,-0.24462,-0.378665,-0.478786,0.974382,-0.460782
448,-0.588981,-0.238145,-2.518965,-0.133013,-0.358876,-0.375399,2.953324,-0.389782,-0.200392,-0.378665,-0.478786,0.974382,-0.460782
1759,-1.474338,-0.170672,-1.952061,1.802357,3.016656,4.476086,1.717556,-0.389782,6.389681,-0.378665,-0.478786,0.974382,-0.460782
180,0.533007,-0.195779,1.175714,-0.212008,-0.061035,-0.16345,-0.49085,-0.389782,-0.200392,2.640859,-0.478786,-1.026291,-0.460782
967,0.68447,-0.163814,0.416743,-0.291002,-0.193409,-0.235896,-0.039772,-0.389782,-0.24462,-0.378665,2.088616,-1.026291,-0.460782
1827,-1.533665,-0.048452,-1.647754,1.723362,3.115936,3.869575,1.872615,2.565534,4.266705,-0.378665,-0.478786,0.974382,-0.460782
1300,0.178206,-0.226073,-1.998283,-0.341785,-0.59053,-0.347857,1.341657,-0.389782,-0.288849,-0.378665,-0.478786,0.974382,-0.460782
1248,-0.557237,-0.224792,1.473391,-0.025806,-0.458157,-0.151475,-0.768076,-0.389782,-0.24462,-0.378665,-0.478786,-1.026291,2.170225
421,-0.483973,-0.234312,-0.422425,-0.319215,-0.49125,-0.26224,-0.302901,-0.389782,-0.24462,-0.378665,-0.478786,-1.026291,2.170225
244,0.009032,-0.19339,1.908628,-0.093516,-0.358876,-0.260443,-0.627114,-0.389782,-0.24462,-0.378665,-0.478786,-1.026291,2.170225
300,-0.525105,-0.203927,0.251008,-0.228935,-0.425063,-0.390966,-0.284106,-0.389782,-0.067706,-0.378665,-0.478786,0.974382,-0.460782
1146,-1.063888,-0.166503,0.122472,-0.054018,-0.358876,-0.0928,0.054203,2.565534,-0.24462,-0.378665,-0.478786,0.974382,-0.460782
1252,-1.461563,-0.246766,1.453871,-0.30793,-0.226502,-0.345463,-0.941929,2.565534,-0.156163,-0.378665,-0.478786,0.974382,-0.460782
1299,0.51578,-0.243223,-0.810612,-0.494132,-0.094129,-0.198176,-0.208926,-0.389782,-0.288849,-0.378665,-0.478786,0.974382,-0.460782
1720,-1.468338,0.229136,-2.055553,4.725161,2.487161,4.699411,2.638509,-0.389782,1.08224,-0.378665,-0.478786,0.974382,-0.460782
1618,0.60598,5.262177,-1.057096,1.745932,-0.524343,-0.462813,2.887542,-0.389782,-0.333078,-0.378665,-0.478786,0.974382,-0.460782
104,0.19824,-0.178584,-0.372429,-0.24022,-0.226502,-0.337679,0.195165,-0.389782,-0.288849,-0.378665,-0.478786,0.974382,-0.460782
892,0.180529,-0.214128,1.377541,-0.437707,-0.160315,-0.253259,-0.669402,-0.389782,-0.288849,-0.378665,-0.478786,0.974382,-0.460782
1678,2.480831,3.116065,-1.129006,0.910846,-0.59053,-0.462813,2.82176,-0.389782,-0.333078,-0.378665,-0.478786,0.974382,-0.460782
568,-0.961687,-0.217925,0.48718,-0.420779,-0.39197,-0.1868,-0.481453,-0.389782,-0.24462,-0.378665,-0.478786,0.974382,-0.460782
1099,-0.198952,-0.273717,-0.580241,-0.212008,-0.094129,-0.315526,-0.758678,-0.389782,-0.288849,-0.378665,-0.478786,-1.026291,2.170225
1234,-0.836838,-0.208233,-0.428963,-0.37564,-0.061035,-0.088609,-0.030374,-0.389782,-0.24462,-0.378665,2.088616,-1.026291,-0.460782
991,0.473293,-0.20222,-0.263781,-0.28536,-0.292689,-0.37959,-0.058567,-0.389782,-0.288849,2.640859,-0.478786,-1.026291,-0.460782
1461,1.382168,-0.231814,0.483221,-0.251505,-0.193409,-0.290978,-0.60362,-0.389782,-0.377306,-0.378665,-0.478786,-1.026291,2.170225
663,0.014452,-0.153822,0.338848,-0.104801,-0.160315,-0.265233,0.054203,-0.389782,-0.24462,-0.378665,-0.478786,-1.026291,2.170225
540,0.393448,-0.198295,-0.658873,-0.228935,-0.292689,-0.2808,0.190467,-0.389782,-0.288849,-0.378665,2.088616,-1.026291,-0.460782
1098,0.134267,-0.168628,0.485522,-0.37564,-0.325783,-0.234698,-0.096156,-0.389782,-0.200392,-0.378665,-0.478786,0.974382,-0.460782
1391,-0.684698,-0.269166,1.955218,-0.116086,-0.292689,-0.129322,-1.195661,-0.389782,-0.24462,-0.378665,-0.478786,0.974382,-0.460782
1776,-1.495146,0.265152,-2.218709,4.488177,3.016656,3.579792,2.774772,-0.389782,1.08224,-0.378665,-0.478786,-1.026291,2.170225
39,0.774864,-0.219324,1.684058,-0.477204,-0.027942,-0.161653,-0.768076,-0.389782,-0.200392,-0.378665,-0.478786,-1.026291,2.170225
544,0.533491,-0.238781,1.275983,0.024976,-0.425063,-0.143093,-0.843256,-0.389782,-0.200392,-0.378665,-0.478786,-1.026291,2.170225
390,0.772348,-0.247647,-0.527667,-0.336142,-0.127222,-0.293972,-0.410972,-0.389782,-0.200392,-0.378665,2.088616,-1.026291,-0.460782
538,0.891098,-0.194199,-0.469752,-0.065303,-0.160315,-0.323908,0.115287,-0.389782,-0.288849,-0.378665,-0.478786,0.974382,-0.460782
1064,1.290612,-0.202728,-0.623793,-0.364355,-0.325783,-0.355042,0.124684,-0.389782,-0.111934,-0.378665,-0.478786,-1.026291,2.170225
18,-0.305024,-0.248265,-0.144544,-0.313572,-0.358876,-0.189794,-0.575428,-0.389782,-0.288849,-0.378665,-0.478786,0.974382,-0.460782
659,-0.988495,-0.244922,-0.634842,-0.432064,-0.061035,-0.086214,-0.326395,-0.389782,-0.067706,-0.378665,-0.478786,-1.026291,2.170225
721,0.020162,-0.167611,0.650796,-0.39821,-0.160315,-0.203564,-0.147843,-0.389782,-0.333078,-0.378665,2.088616,-1.026291,-0.460782
1615,-1.24545,0.231543,-2.30397,3.449961,1.924572,3.539078,2.826458,-0.389782,1.524527,-0.378665,-0.478786,-1.026291,2.170225
840,0.010387,-0.189375,0.59371,-0.257148,-0.358876,-0.189195,-0.284106,-0.389782,-0.288849,2.640859,-0.478786,-1.026291,-0.460782
1124,1.022237,-0.266187,0.431475,-0.403852,-0.193409,-0.284392,-0.946628,-0.389782,0.06498,2.640859,-0.478786,-1.026291,-0.460782
1731,3.414482,3.202832,-0.708962,0.594867,-0.425063,-0.393361,2.779471,2.565534,-0.377306,-0.378665,2.088616,-1.026291,-0.460782
436,-0.779834,-0.225492,0.227621,-0.291002,-0.292689,-0.214341,-0.467357,-0.389782,-0.288849,-0.378665,-0.478786,0.974382,-0.460782
1796,-1.580798,-0.174987,-1.991101,1.469451,3.910179,3.431906,1.759845,-0.389782,4.620534,-0.378665,-0.478786,0.974382,-0.460782
570,0.245082,-0.190329,1.92649,-0.302287,-0.458157,-0.131118,-0.613018,2.565534,-0.200392,-0.378665,-0.478786,-1.026291,2.170225
770,0.464582,-0.174814,0.983554,-0.048376,-0.061035,-0.279603,-0.293503,-0.389782,-0.067706,-0.378665,-0.478786,0.974382,-0.460782
882,0.05839,-0.236329,0.8227,-0.358712,-0.061035,-0.193985,-0.730486,-0.389782,-0.067706,-0.378665,-0.478786,0.974382,-0.460782
1002,-0.647727,-0.124636,2.295249,-0.369997,-0.127222,-0.204762,-0.316997,-0.389782,-0.067706,2.640859,-0.478786,-1.026291,-0.460782
21,0.228242,-0.206589,0.582293,-0.533629,-0.358876,-0.221526,-0.410972,-0.389782,-0.24462,-0.378665,2.088616,-1.026291,-0.460782
1692,0.675179,-0.12965,1.627708,-0.17251,-0.39197,-0.110163,-0.19483,2.565534,-0.24462,-0.378665,-0.478786,-1.026291,2.170225
1749,4.670513,6.22072,-0.923403,0.346598,-0.524343,-0.426291,2.892241,-0.389782,-0.377306,-0.378665,-0.478786,0.974382,-0.460782
1172,0.149171,-0.197142,0.058112,-0.420779,-0.458157,-0.220927,-0.152541,-0.389782,-0.200392,-0.378665,2.088616,-1.026291,-0.460782
38,-0.261085,-0.222467,0.370521,-0.025806,-0.259596,-0.258647,-0.486152,-0.389782,-0.288849,-0.378665,2.088616,-1.026291,-0.460782
1288,0.396255,-0.159145,-1.204691,-0.319215,-0.425063,-0.278405,0.909373,-0.389782,-0.288849,-0.378665,-0.478786,0.974382,-0.460782
1452,0.365865,-0.151097,-0.5447,-0.059661,0.038245,-0.342469,0.495884,-0.389782,-0.333078,-0.378665,2.088616,-1.026291,-0.460782
433,0.433419,-0.17674,0.85953,-0.392567,-0.358876,-0.441259,-0.274709,-0.389782,-0.333078,-0.378665,2.088616,-1.026291,-0.460782
548,-1.1808,-0.139933,-1.516916,-0.358712,0.005152,-0.365819,1.336958,-0.389782,-0.24462,-0.378665,-0.478786,-1.026291,2.170225
797,0.109007,-0.183989,2.32545,-0.347427,-0.226502,-0.261641,-0.645909,-0.389782,-0.288849,-0.378665,-0.478786,0.974382,-0.460782
905,-0.078362,-0.214265,0.103965,-0.448992,-0.027942,-0.237093,-0.321696,-0.389782,-0.200392,-0.378665,-0.478786,0.974382,-0.460782
1647,4.08992,4.895152,-1.58763,1.886994,-0.49125,-0.462813,2.925132,-0.389782,-0.288849,-0.378665,-0.478786,0.974382,-0.460782
850,-0.393192,-0.237355,0.459281,-0.39821,-0.226502,-0.12094,-0.650608,-0.389782,-0.156163,2.640859,-0.478786,-1.026291,-0.460782
204,0.739248,-0.182499,2.429954,-0.302287,-0.39197,-0.23829,-0.655306,-0.389782,-0.377306,-0.378665,-0.478786,-1.026291,2.170225
940,0.208402,-0.270919,-0.590922,-0.291002,-0.425063,-0.177819,-0.706992,-0.389782,-0.24462,-0.378665,-0.478786,0.974382,-0.460782
236,1.024754,-0.234975,0.695453,-0.3305,0.038245,-0.304749,-0.688197,-0.389782,-0.023477,-0.378665,-0.478786,0.974382,-0.460782
1605,-1.484984,-0.033182,-2.068167,2.507667,6.359095,3.85341,2.365982,2.565534,4.134019,-0.378665,-0.478786,0.974382,-0.460782
226,-0.29912,-0.200784,1.792614,-0.341785,-0.292689,-0.245475,-0.655306,-0.389782,-0.377306,-0.378665,2.088616,-1.026291,-0.460782
1564,0.028775,-0.221204,0.633118,-0.386925,-0.524343,-0.271819,-0.551934,-0.389782,-0.288849,2.640859,-0.478786,-1.026291,-0.460782
1770,-1.570829,-0.142704,-1.921769,4.076276,4.572048,3.673792,1.825627,2.565534,6.035852,-0.378665,-0.478786,0.974382,-0.460782
1508,1.062789,-0.281311,-0.558696,-0.28536,-0.49125,-0.225118,-0.885544,2.565534,-0.288849,-0.378665,2.088616,-1.026291,-0.460782
1077,1.317324,-0.148817,1.451662,-0.30793,-0.193409,-0.225717,-0.255914,-0.389782,-0.200392,-0.378665,-0.478786,0.974382,-0.460782
313,-0.010905,-0.227954,0.550988,-0.121728,0.005152,-0.312533,-0.584825,-0.389782,-0.111934,-0.378665,-0.478786,-1.026291,2.170225
468,0.237533,-0.253351,-0.488811,-0.245863,-0.127222,-0.254456,-0.504947,-0.389782,-0.156163,-0.378665,2.088616,-1.026291,-0.460782
661,-0.45339,-0.17476,-0.463214,-0.116086,-0.127222,-0.177819,0.275044,2.565534,-0.200392,-0.378665,-0.478786,-1.026291,2.170225
623,-0.150367,-0.174197,0.533954,-0.020163,-0.39197,-0.241284,-0.152541,-0.389782,-0.156163,-0.378665,2.088616,-1.026291,-0.460782
684,-0.252181,-0.17714,-0.687784,-0.042733,-0.557437,-0.18201,0.387813,-0.389782,-0.24462,2.640859,-0.478786,-1.026291,-0.460782
490,-0.135076,-0.174296,1.845833,-0.206365,-0.259596,-0.367615,-0.500248,-0.389782,-0.24462,-0.378665,-0.478786,0.974382,-0.460782
214,-1.009593,-0.157946,0.505963,-0.19508,-0.425063,-0.251462,-0.035073,-0.389782,-0.288849,-0.378665,-0.478786,-1.026291,2.170225
987,1.590248,-0.194417,0.18941,-0.39821,-0.39197,-0.247271,-0.180734,-0.389782,-0.111934,-0.378665,-0.478786,-1.026291,2.170225
577,0.810286,-0.286516,-1.538462,-0.138656,-0.458157,-0.241883,-0.453261,-0.389782,-0.156163,2.640859,-0.478786,-1.026291,-0.460782
869,-0.811772,-0.227172,-0.222255,-0.471562,-0.127222,-0.301755,-0.316997,-0.389782,-0.200392,-0.378665,-0.478786,-1.026291,2.170225
597,0.980718,-0.217807,-0.121433,-0.144298,-0.325783,-0.157462,-0.265311,-0.389782,-0.377306,-0.378665,-0.478786,0.974382,-0.460782
100,0.25476,-0.269157,0.637538,-0.268433,-0.193409,-0.258647,-1.017109,-0.389782,-0.200392,-0.378665,-0.478786,0.974382,-0.460782
1324,-0.742573,-0.238999,1.623012,-0.39821,-0.226502,-0.320316,-0.904339,-0.389782,-0.288849,2.640859,-0.478786,-1.026291,-0.460782
1261,0.044067,-0.208469,-0.399591,-0.341785,-0.259596,-0.249666,-0.049169,-0.389782,-0.24462,-0.378665,-0.478786,0.974382,-0.460782
1787,2.126998,5.058613,-1.645913,1.362244,-0.524343,-0.417909,2.929831,-0.389782,-0.377306,-0.378665,-0.478786,0.974382,-0.460782
1778,0.067972,-0.164304,-0.765588,-0.116086,0.104432,-0.057475,0.538173,2.565534,-0.24462,-0.378665,-0.478786,0.974382,-0.460782
1410,0.235404,-0.239908,-0.888691,-0.296645,-0.39197,-0.233501,-0.114951,-0.389782,-0.156163,-0.378665,-0.478786,-1.026291,2.170225
1589,-0.778189,-0.182626,-0.388634,-0.251505,-0.292689,-0.241284,0.171672,-0.389782,-0.067706,-0.378665,-0.478786,0.974382,-0.460782
920,-1.038434,-0.163278,1.752101,-0.28536,-0.325783,-0.13052,-0.410972,-0.389782,-0.200392,-0.378665,-0.478786,-1.026291,2.170225
67,-0.229147,-0.222167,-1.904919,-0.426422,-0.259596,-0.123934,1.210093,-0.389782,-0.333078,-0.378665,2.088616,-1.026291,-0.460782
713,-1.189801,-0.207706,-0.872486,-0.279717,-0.226502,-0.381985,0.237454,-0.389782,-0.288849,-0.378665,-0.478786,-1.026291,2.170225
504,-0.765994,-0.153658,0.565627,-0.358712,-0.425063,-0.226915,-0.025675,-0.389782,-0.333078,2.640859,-0.478786,-1.026291,-0.460782
1006,0.056164,-0.225319,0.534046,-0.183795,-0.425063,-0.25266,-0.556633,-0.389782,-0.067706,-0.378665,-0.478786,0.974382,-0.460782
1447,-0.351286,-0.216708,-0.320775,-0.155583,-0.226502,-0.207755,-0.166638,-0.389782,-0.111934,2.640859,-0.478786,-1.026291,-0.460782
558,-0.237858,-0.204291,1.499632,-0.279717,-0.127222,-0.160456,-0.622415,-0.389782,-0.111934,-0.378665,2.088616,-1.026291,-0.460782
107,-0.19179,-0.170754,0.901608,-0.35307,-0.027942,-0.222125,-0.246516,2.565534,-0.24462,-0.378665,-0.478786,0.974382,-0.460782
1753,-1.221932,0.383976,-2.092015,4.239908,1.064142,4.325805,2.737182,-0.389782,1.612984,-0.378665,-0.478786,-1.026291,2.170225
1209,-0.758058,-0.256358,-0.604733,-0.21765,-0.061035,-0.226915,-0.49085,-0.389782,-0.24462,-0.378665,-0.478786,0.974382,-0.460782
1001,-0.340833,-0.178102,0.590395,-0.584411,-0.094129,-0.288583,-0.199529,2.565534,-0.333078,-0.378665,-0.478786,0.974382,-0.460782
479,-0.556946,-0.260019,1.216135,-0.268433,-0.193409,-0.143692,-1.021808,-0.389782,-0.288849,2.640859,-0.478786,-1.026291,-0.460782
845,0.690761,-0.227236,0.989907,-0.369997,-0.39197,-0.12573,-0.688197,-0.389782,-0.156163,-0.378665,2.088616,-1.026291,-0.460782
1539,0.228436,-0.239917,0.304228,-0.291002,-0.425063,-0.176023,-0.631813,-0.389782,-0.200392,-0.378665,-0.478786,0.974382,-0.460782
309,0.740216,-0.219106,-0.238829,-0.133013,-0.094129,-0.278405,-0.227721,-0.389782,-0.24462,-0.378665,-0.478786,0.974382,-0.460782
565,-0.577077,-0.263598,0.50495,-0.567484,-0.127222,-0.207755,-0.932532,-0.389782,-0.377306,2.640859,-0.478786,-1.026291,-0.460782
1034,-0.462391,-0.213256,-0.195369,-0.505417,-0.193409,-0.167042,-0.190131,-0.389782,-0.24462,-0.378665,-0.478786,0.974382,-0.460782
216,0.489455,-0.203182,-0.291311,-0.386925,-0.094129,-0.303552,-0.053868,-0.389782,-0.24462,-0.378665,-0.478786,0.974382,-0.460782
1088,1.038593,-0.187304,-0.08709,-0.279717,-0.193409,-0.25745,-0.011579,-0.389782,-0.200392,-0.378665,2.088616,-1.026291,-0.460782
1441,-0.066651,-0.199985,0.240236,-0.296645,-0.358876,-0.192787,-0.246516,-0.389782,-0.200392,2.640859,-0.478786,-1.026291,-0.460782
788,0.035647,-0.205099,-0.86779,-0.432064,-0.259596,-0.317921,0.260948,-0.389782,-0.377306,-0.378665,2.088616,-1.026291,-0.460782
631,-0.180466,-0.320679,1.015596,-0.3305,-0.226502,-0.362826,-1.64674,-0.389782,-0.200392,-0.378665,-0.478786,0.974382,-0.460782
1735,-1.493404,0.530459,-2.181511,6.203491,0.964862,2.830185,2.82176,-0.389782,1.391841,-0.378665,-0.478786,-1.026291,2.170225
325,0.392867,-0.239481,1.017161,-0.223293,-0.292689,-0.303552,-0.800967,-0.389782,-0.156163,-0.378665,-0.478786,-1.026291,2.170225
599,-0.197887,-0.245994,0.353027,-0.274075,-0.325783,-0.242482,-0.706992,-0.389782,-0.24462,-0.378665,-0.478786,0.974382,-0.460782
748,0.513167,-0.202065,-1.945432,-0.212008,-0.292689,-0.193985,1.477921,-0.389782,-0.333078,-0.378665,2.088616,-1.026291,-0.460782
143,-0.662922,-0.179011,-0.642852,-0.432064,-0.226502,-0.231106,0.345525,-0.389782,-0.24462,-0.378665,-0.478786,0.974382,-0.460782
508,1.426494,-0.19706,0.075975,-0.257148,-0.027942,-0.261042,-0.161939,-0.389782,-0.288849,-0.378665,-0.478786,-1.026291,2.170225
1533,0.391609,-0.228599,0.142637,-0.386925,-0.325783,-0.346061,-0.467357,-0.389782,-0.111934,-0.378665,-0.478786,0.974382,-0.460782
1306,0.224564,-0.225991,-1.717547,-0.499774,-0.49125,-0.270023,0.862386,-0.389782,-0.333078,-0.378665,-0.478786,0.974382,-0.460782
894,0.318055,-0.250563,-0.425188,-0.319215,-0.226502,-0.180813,-0.495549,-0.389782,-0.067706,-0.378665,-0.478786,0.974382,-0.460782
502,-0.541558,-0.236628,-0.357789,-0.358712,-0.094129,-0.226915,-0.359286,-0.389782,-0.333078,-0.378665,-0.478786,0.974382,-0.460782
118,0.153527,-0.236556,0.740385,-0.26279,-0.39197,-0.365819,-0.711691,-0.389782,-0.288849,-0.378665,-0.478786,0.974382,-0.460782
1524,-0.984914,-0.238936,0.474658,-0.426422,-0.325783,-0.241284,-0.669402,-0.389782,-0.288849,-0.378665,-0.478786,0.974382,-0.460782
1604,-1.402236,-0.105633,-2.087043,2.344035,5.432478,1.421381,2.215622,2.565534,6.43391,-0.378665,-0.478786,0.974382,-0.460782
1493,-0.830838,-0.212193,1.038799,-0.30793,-0.325783,-0.387373,-0.580126,-0.389782,-0.200392,-0.378665,-0.478786,0.974382,-0.460782
595,-0.251117,-0.256749,1.046901,-0.24022,-0.094129,-0.317322,-0.965423,-0.389782,-0.288849,-0.378665,-0.478786,0.974382,-0.460782
638,-1.301099,-0.15929,-0.618268,-0.465919,-0.027942,-0.249068,0.481788,-0.389782,-0.288849,2.640859,-0.478786,-1.026291,-0.460782
712,-0.193629,-0.173515,-0.354843,0.070116,-0.094129,-0.216736,0.223358,-0.389782,-0.24462,-0.378665,2.088616,-1.026291,-0.460782
1033,1.069854,-0.217962,0.231489,-0.234578,-0.160315,-0.347259,-0.396876,-0.389782,-0.377306,2.640859,-0.478786,-1.026291,-0.460782
1285,-1.4364,-0.139352,1.135477,-0.014521,-0.259596,-0.328698,-0.11965,2.565534,-0.156163,-0.378665,2.088616,-1.026291,-0.460782
350,0.936489,-0.233004,-0.13681,-0.127371,-0.325783,-0.193985,-0.410972,-0.389782,-0.156163,-0.378665,-0.478786,-1.026291,2.170225
1652,-1.462918,0.576104,-2.006385,4.47125,2.420974,1.001673,2.751279,-0.389782,1.657213,-0.378665,-0.478786,-1.026291,2.170225
84,0.311474,-0.26179,0.823713,-0.302287,-0.226502,-0.31852,-0.97482,-0.389782,-0.377306,-0.378665,-0.478786,0.974382,-0.460782
245,0.792381,-0.228081,2.488974,-0.268433,0.005152,-0.238889,-0.946628,-0.389782,-0.156163,-0.378665,-0.478786,0.974382,-0.460782
823,-1.191155,-0.241425,-0.288549,-0.19508,0.005152,-0.213144,-0.443863,2.565534,-0.288849,2.640859,-0.478786,-1.026291,-0.460782
784,0.053938,-0.167611,0.36868,-0.228935,-0.292689,-0.152074,-0.049169,-0.389782,-0.200392,-0.378665,-0.478786,-1.026291,2.170225
819,0.271116,-0.234893,0.558446,-0.482847,-0.358876,-0.198774,-0.650608,-0.389782,-0.111934,-0.378665,2.088616,-1.026291,-0.460782
630,0.439613,-0.277441,-1.748116,-0.448992,-0.39197,-0.165246,0.021312,-0.389782,-0.288849,-0.378665,-0.478786,-1.026291,2.170225
692,0.015516,-0.201602,-1.964952,-0.048376,-0.226502,-0.308341,1.515511,-0.389782,-0.288849,-0.378665,-0.478786,-1.026291,2.170225
1407,0.863419,-0.268621,0.827303,-0.251505,-0.160315,-0.199373,-1.045301,-0.389782,-0.288849,-0.378665,-0.478786,0.974382,-0.460782
1634,3.604561,5.625024,-1.48469,-0.059661,-0.524343,-0.400545,2.925132,2.565534,-0.377306,-0.378665,-0.478786,0.974382,-0.460782
170,1.164216,-0.250935,0.880246,-0.104801,-0.325783,-0.170036,-0.876147,-0.389782,-0.24462,2.640859,-0.478786,-1.026291,-0.460782
1363,-0.199339,-0.213156,-1.38571,-0.437707,-0.226502,-0.20536,0.608654,-0.389782,-0.156163,-0.378665,-0.478786,0.974382,-0.460782
358,0.898357,-0.148081,0.900871,-0.206365,-0.094129,-0.302354,-0.100855,-0.389782,-0.111934,-0.378665,-0.478786,0.974382,-0.460782
846,-0.066748,-0.206007,0.234067,-0.3305,-0.160315,-0.290978,-0.293503,-0.389782,-0.111934,-0.378665,-0.478786,-1.026291,2.170225
1525,0.270729,-0.179229,-1.296121,-0.409495,-0.061035,-0.258647,0.838892,-0.389782,-0.288849,2.640859,-0.478786,-1.026291,-0.460782
1636,0.132138,-0.203092,-0.337348,-0.37564,0.005152,-0.077233,-0.030374,2.565534,-0.156163,-0.378665,-0.478786,0.974382,-0.460782
857,0.098942,-0.240216,-0.876353,-0.409495,-0.061035,-0.264036,-0.129048,-0.389782,-0.377306,2.640859,-0.478786,-1.026291,-0.460782
80,-0.372094,-0.219388,-0.829487,-0.358712,-0.127222,-0.27122,0.087094,-0.389782,-0.200392,-0.378665,-0.478786,0.974382,-0.460782
1710,1.873043,4.32737,-1.567097,1.531518,-0.524343,-0.458622,2.911036,2.565534,-0.333078,-0.378665,-0.478786,0.974382,-0.460782
193,-0.297185,-0.19528,0.254323,-0.386925,-0.160315,-0.211348,-0.213625,-0.389782,-0.24462,-0.378665,-0.478786,0.974382,-0.460782
281,-0.70028,-0.22234,-0.63567,-0.19508,-0.160315,-0.173029,-0.063265,-0.389782,-0.200392,-0.378665,-0.478786,0.974382,-0.460782
1530,-1.30981,-0.211249,0.618754,-0.245863,-0.193409,-0.248469,-0.462658,-0.389782,-0.24462,-0.378665,-0.478786,0.974382,-0.460782
1475,-0.049037,-0.200566,0.351922,-0.048376,-0.358876,-0.156265,-0.288805,-0.389782,-0.200392,-0.378665,2.088616,-1.026291,-0.460782
1203,-0.129462,-0.197778,-0.370864,-0.454634,-0.094129,-0.18201,0.035408,-0.389782,-0.288849,-0.378665,-0.478786,0.974382,-0.460782
1382,-0.098299,-0.186069,-1.224211,-0.161225,-0.39197,-0.299361,0.716725,-0.389782,-0.377306,-0.378665,-0.478786,0.974382,-0.460782
826,0.257857,-0.195834,-0.868527,-0.386925,-0.061035,-0.217934,0.345525,-0.389782,-0.200392,2.640859,-0.478786,-1.026291,-0.460782
246,-1.431464,-0.234403,0.299348,-0.133013,-0.061035,-0.254456,-0.575428,-0.389782,-0.156163,-0.378665,-0.478786,0.974382,-0.460782
621,0.312248,-0.110293,0.726206,-0.127371,-0.061035,-0.273017,0.171672,-0.389782,-0.156163,-0.378665,-0.478786,-1.026291,2.170225
1356,0.92923,-0.192773,0.283879,-0.020163,-0.226502,-0.292775,-0.204227,-0.389782,-0.24462,-0.378665,-0.478786,0.974382,-0.460782
1832,-1.418011,0.008339,-1.776843,2.485097,4.00946,2.444605,2.145141,2.565534,6.035852,-0.378665,-0.478786,0.974382,-0.460782
682,0.660758,-0.197532,-0.000908,-0.319215,-0.226502,-0.268826,-0.133746,2.565534,-0.24462,2.640859,-0.478786,-1.026291,-0.460782
1601,3.551428,4.589724,-0.558328,0.515872,-0.557437,-0.35624,2.826458,2.565534,-0.288849,-0.378665,2.088616,-1.026291,-0.460782
1802,5.239588,5.414183,-1.86947,1.03498,-0.59053,-0.413717,2.953324,-0.389782,-0.333078,-0.378665,-0.478786,0.974382,-0.460782
1065,-0.738799,-0.139533,-0.451245,-0.448992,-0.193409,-0.235297,0.514679,-0.389782,-0.200392,-0.378665,-0.478786,-1.026291,2.170225
642,-0.231954,-0.161189,-1.71147,-0.234578,-0.292689,-0.192188,1.435632,-0.389782,-0.288849,-0.378665,-0.478786,0.974382,-0.460782
1414,-1.225223,-0.227436,2.637951,-0.30793,-0.226502,-0.189794,-0.960724,-0.389782,-0.200392,2.640859,-0.478786,-1.026291,-0.460782
1165,-0.09617,-0.19052,-0.063242,-0.415137,-0.325783,-0.419705,-0.049169,-0.389782,-0.24462,2.640859,-0.478786,-1.026291,-0.460782
1818,-1.431754,0.06385,-2.156559,2.806718,4.141834,2.724211,2.59622,-0.389782,6.08008,-0.378665,-0.478786,0.974382,-0.460782
1390,-0.172046,-0.166094,-0.093995,-0.200723,-0.160315,-0.268227,0.152877,-0.389782,-0.200392,-0.378665,-0.478786,0.974382,-0.460782
241,0.539298,-0.20906,-0.722312,-0.324857,-0.292689,-0.369412,0.124684,-0.389782,-0.24462,-0.378665,-0.478786,0.974382,-0.460782
1194,-0.513008,-0.159853,1.124244,-0.059661,-0.358876,-0.424495,-0.237119,2.565534,-0.377306,-0.378665,2.088616,-1.026291,-0.460782
445,-0.265247,-0.218307,1.005284,-0.477204,-0.292689,-0.311335,-0.617716,-0.389782,-0.377306,-0.378665,-0.478786,-1.026291,2.170225
563,0.055681,-0.168665,0.207825,-0.319215,-0.425063,-0.18201,0.007216,-0.389782,-0.333078,-0.378665,-0.478786,0.974382,-0.460782
611,-1.043177,-0.199603,0.573178,-0.601339,-0.160315,-0.386775,-0.354587,-0.389782,-0.288849,2.640859,-0.478786,-1.026291,-0.460782
754,-0.701731,-0.251208,0.909618,-0.166868,-0.259596,-0.286189,-0.885544,-0.389782,-0.288849,-0.378665,-0.478786,0.974382,-0.460782
1251,0.405642,-0.217616,0.134258,-0.291002,-0.094129,-0.372405,-0.359286,-0.389782,-0.288849,2.640859,-0.478786,-1.026291,-0.460782
1127,-0.03723,-0.202919,0.905659,-0.138656,-0.325783,-0.095793,-0.476754,-0.389782,-0.156163,-0.378665,-0.478786,-1.026291,2.170225
42,1.154538,-0.263098,1.318522,-0.635194,-0.193409,-0.324507,-1.064096,-0.389782,-0.111934,2.640859,-0.478786,-1.026291,-0.460782
391,0.669759,-0.177121,0.829421,-0.274075,-0.39197,-0.331093,-0.265311,-0.389782,-0.156163,2.640859,-0.478786,-1.026291,-0.460782
429,-0.895972,-0.211885,-0.965482,-0.251505,-0.160315,-0.209552,0.260948,-0.389782,-0.333078,-0.378665,-0.478786,0.974382,-0.460782
171,-0.066651,-0.246893,0.635788,-0.223293,-0.160315,-0.254456,-0.786871,-0.389782,-0.156163,-0.378665,-0.478786,0.974382,-0.460782
1553,-0.131301,-0.275261,-1.737711,-0.17251,-0.39197,-0.138303,0.058902,-0.389782,-0.067706,-0.378665,-0.478786,-1.026291,2.170225
1293,0.937844,-0.242987,0.103597,-0.166868,-0.226502,-0.332291,-0.60362,-0.389782,-0.156163,2.640859,-0.478786,-1.026291,-0.460782
776,-0.105364,-0.182699,-0.341768,-0.110443,-0.292689,-0.254456,0.148178,-0.389782,-0.200392,-0.378665,-0.478786,0.974382,-0.460782
1627,0.691632,-0.205117,-0.593592,-0.178153,-0.061035,-0.0455,0.087094,2.565534,0.020752,-0.378665,2.088616,-1.026291,-0.460782
756,0.353864,-0.218443,0.425674,-0.144298,-0.127222,-0.338877,-0.467357,2.565534,-0.156163,2.640859,-0.478786,-1.026291,-0.460782
1667,2.998612,6.16135,-1.261225,0.640007,-0.458157,-0.447845,2.915734,2.565534,-0.377306,-0.378665,-0.478786,0.974382,-0.460782
1671,-0.2787,-0.194235,-2.518965,-0.212008,-0.358876,-0.180813,2.972119,2.565534,-0.067706,-0.378665,-0.478786,0.974382,-0.460782
1338,-0.312767,-0.23979,0.165379,-0.499774,-0.094129,-0.256851,-0.589524,-0.389782,-0.200392,-0.378665,-0.478786,0.974382,-0.460782
1703,3.088329,4.304515,-1.810082,1.153472,-0.458157,-0.400545,2.934529,-0.389782,-0.333078,-0.378665,-0.478786,0.974382,-0.460782
1042,0.414062,-0.187431,0.04338,-0.268433,-0.325783,-0.298163,-0.067964,-0.389782,-0.377306,-0.378665,2.088616,-1.026291,-0.460782
783,0.386286,-0.154267,1.428459,-0.166868,-0.259596,-0.331093,-0.284106,-0.389782,-0.111934,-0.378665,-0.478786,0.974382,-0.460782
896,0.331314,-0.240553,-0.008274,-0.144298,-0.226502,-0.311335,-0.537838,-0.389782,-0.288849,-0.378665,2.088616,-1.026291,-0.460782
352,0.029646,-0.218497,1.320639,-0.121728,-0.094129,-0.40294,-0.688197,-0.389782,-0.200392,-0.378665,2.088616,-1.026291,-0.460782
1562,0.012032,-0.227263,-0.269489,-0.381282,-0.292689,-0.181411,-0.298202,-0.389782,-0.200392,2.640859,-0.478786,-1.026291,-0.460782
622,-1.002432,-0.239154,-0.864199,-0.268433,-0.160315,-0.22452,-0.124349,-0.389782,-0.067706,-0.378665,2.088616,-1.026291,-0.460782
977,-0.259343,-0.272091,-0.982055,-0.420779,-0.259596,-0.367017,-0.542537,-0.389782,-0.24462,-0.378665,2.088616,-1.026291,-0.460782
294,0.529716,-0.159563,1.045428,-0.21765,-0.094129,-0.162851,-0.213625,-0.389782,-0.067706,-0.378665,2.088616,-1.026291,-0.460782
1482,0.715053,-0.127107,-0.333389,-0.39821,-0.259596,-0.368214,0.528776,-0.389782,-0.200392,-0.378665,-0.478786,0.974382,-0.460782
64,0.059939,-0.248982,-1.164731,-0.556199,-0.027942,-0.222724,-0.04447,-0.389782,-0.111934,-0.378665,-0.478786,0.974382,-0.460782
1339,0.685244,-0.218852,-1.841387,-0.443349,-0.39197,-0.15866,1.139612,-0.389782,-0.200392,-0.378665,-0.478786,0.974382,-0.460782
1250,-0.443518,-0.178348,0.890098,-0.048376,-0.160315,-0.268826,-0.293503,-0.389782,-0.288849,-0.378665,-0.478786,0.974382,-0.460782
181,0.927391,-0.179056,0.56931,-0.070946,-0.259596,-0.333488,-0.199529,-0.389782,-0.333078,-0.378665,-0.478786,0.974382,-0.460782
590,-0.360964,-0.2044,0.505595,-0.144298,-0.292689,-0.261042,-0.373382,-0.389782,-0.200392,-0.378665,-0.478786,0.974382,-0.460782
476,-0.348769,-0.120303,-0.575177,-0.228935,-0.193409,-0.208953,0.707328,-0.389782,-0.200392,2.640859,-0.478786,-1.026291,-0.460782
527,-0.542623,-0.228689,-0.1346,-0.302287,-0.259596,-0.327501,-0.368683,-0.389782,-0.288849,-0.378665,-0.478786,-1.026291,2.170225
1278,-0.373061,-0.213411,-0.143623,-0.527987,-0.49125,-0.219131,-0.213625,-0.389782,-0.24462,-0.378665,-0.478786,-1.026291,2.170225
625,-0.371223,-0.196769,0.131311,-0.121728,-0.358876,-0.266431,-0.180734,-0.389782,-0.333078,-0.378665,-0.478786,0.974382,-0.460782
583,1.009075,-0.237982,-0.518828,-0.409495,-0.425063,-0.362227,-0.298202,-0.389782,-0.288849,-0.378665,-0.478786,-1.026291,2.170225
1509,0.143074,-0.198504,-0.248036,0.013691,-0.226502,-0.251462,-0.030374,-0.389782,-0.200392,-0.378665,2.088616,-1.026291,-0.460782
1448,-0.746251,-0.181918,1.187407,-0.386925,-0.425063,-0.296966,-0.396876,-0.389782,-0.156163,-0.378665,-0.478786,-1.026291,2.170225
87,-0.538074,-0.233413,2.173803,-0.093516,-0.193409,-0.33708,-0.941929,-0.389782,-0.24462,-0.378665,-0.478786,-1.026291,2.170225
1216,0.361413,-0.151605,-0.100532,0.002406,-0.292689,-0.423896,0.256249,2.565534,-0.288849,-0.378665,-0.478786,-1.026291,2.170225
221,0.318442,-0.230506,0.181492,-0.178153,-0.193409,-0.161653,-0.500248,-0.389782,-0.377306,-0.378665,-0.478786,-1.026291,2.170225
1159,-0.560721,-0.155711,-1.555404,-0.234578,-0.193409,-0.250265,1.280574,-0.389782,-0.200392,-0.378665,-0.478786,-1.026291,2.170225
1737,-0.470424,-0.083832,0.837524,-0.28536,0.071339,-0.230507,0.265646,2.565534,-0.111934,-0.378665,-0.478786,0.974382,-0.460782
825,0.908519,-0.21808,-0.026228,0.002406,-0.160315,-0.264036,-0.3076,-0.389782,-0.24462,-0.378665,-0.478786,0.974382,-0.460782
949,-0.347027,-0.226437,-0.761444,0.030619,-0.160315,-0.216736,-0.035073,-0.389782,-0.200392,-0.378665,2.088616,-1.026291,-0.460782
385,-0.001227,-0.209305,0.242445,-0.454634,-0.259596,-0.30415,-0.326395,-0.389782,-0.24462,2.640859,-0.478786,-1.026291,-0.460782
922,0.537459,-0.242542,-0.070056,-0.358712,-0.127222,-0.170634,-0.537838,-0.389782,-0.333078,-0.378665,2.088616,-1.026291,-0.460782
116,0.682244,-0.225692,-0.17456,-0.24022,-0.39197,-0.186201,-0.321696,-0.389782,-0.24462,-0.378665,-0.478786,0.974382,-0.460782
1836,3.291183,4.06815,-0.89219,-0.076588,-0.458157,-0.429883,2.840555,2.565534,-0.377306,-0.378665,-0.478786,0.974382,-0.460782
465,-0.069942,-0.199749,0.048352,-0.042733,-0.39197,-0.305348,-0.171336,-0.389782,-0.067706,-0.378665,-0.478786,0.974382,-0.460782
177,0.827029,-0.219778,-0.318105,-0.116086,-0.39197,-0.324507,-0.199529,-0.389782,-0.200392,-0.378665,-0.478786,0.974382,-0.460782
411,0.234049,-0.200557,0.934755,-0.025806,-0.226502,-0.275412,-0.462658,-0.389782,-0.24462,-0.378665,-0.478786,-1.026291,2.170225
594,-0.871777,-0.19091,-0.240762,-0.104801,-0.127222,-0.197577,0.030709,-0.389782,-0.156163,-0.378665,-0.478786,0.974382,-0.460782
59,0.63124,-0.220414,0.157553,-0.257148,-0.292689,-0.283794,-0.396876,-0.389782,-0.156163,-0.378665,-0.478786,0.974382,-0.460782
1385,-0.514653,-0.212857,1.012281,-0.099158,-0.027942,-0.244278,-0.580126,-0.389782,-0.288849,-0.378665,-0.478786,-1.026291,2.170225
1123,0.121686,-0.216254,0.240144,-0.347427,-0.39197,-0.14429,-0.387478,2.565534,-0.111934,2.640859,-0.478786,-1.026291,-0.460782
958,0.552557,-0.228135,0.599603,-0.448992,-0.39197,-0.347857,-0.60362,-0.389782,-0.24462,-0.378665,2.088616,-1.026291,-0.460782
1076,1.180862,-0.275261,0.389397,-0.234578,-0.425063,-0.279603,-1.040603,-0.389782,-0.023477,-0.378665,2.088616,-1.026291,-0.460782
1486,-0.34335,-0.200267,0.419597,-0.420779,-0.127222,-0.23829,-0.312298,-0.389782,-0.023477,-0.378665,-0.478786,-1.026291,2.170225
1023,0.194659,-0.273853,0.720313,-0.21765,0.005152,-0.273017,-1.082891,-0.389782,-0.333078,-0.378665,-0.478786,0.974382,-0.460782
238,-0.473617,-0.181999,-0.175021,-0.409495,-0.160315,-0.33708,0.072998,-0.389782,-0.24462,-0.378665,2.088616,-1.026291,-0.460782
1496,0.841837,-0.21768,0.942489,-0.212008,-0.358876,-0.295768,-0.598921,-0.389782,-0.156163,2.640859,-0.478786,-1.026291,-0.460782
131,0.495262,-0.206207,-1.629892,-0.26279,-0.292689,-0.216736,0.965758,-0.389782,-0.24462,-0.378665,2.088616,-1.026291,-0.460782
765,-0.80703,-0.168892,0.054429,-0.37564,-0.358876,-0.28559,0.068299,2.565534,-0.200392,-0.378665,-0.478786,0.974382,-0.460782
478,-0.510007,-0.236665,0.333231,-0.505417,-0.59053,-0.330494,-0.608319,-0.389782,-0.200392,-0.378665,-0.478786,0.974382,-0.460782
267,-0.198661,-0.157183,-0.019967,-0.26279,-0.160315,-0.342469,0.181069,-0.389782,-0.156163,-0.378665,2.088616,-1.026291,-0.460782
676,-0.653341,-0.244449,-0.274277,-0.556199,-0.027942,-0.24308,-0.481453,-0.389782,-0.156163,-0.378665,-0.478786,0.974382,-0.460782
1477,-0.146206,-0.218016,1.814896,-0.3305,-0.458157,-0.217335,-0.777473,-0.389782,-0.377306,-0.378665,-0.478786,0.974382,-0.460782
1498,0.980621,-0.220832,0.144018,-0.245863,-0.325783,-0.228711,-0.392177,-0.389782,-0.200392,2.640859,-0.478786,-1.026291,-0.460782
591,-0.747316,-0.163196,1.086494,-0.025806,-0.259596,-0.268826,-0.246516,-0.389782,-0.24462,-0.378665,-0.478786,0.974382,-0.460782
656,0.236081,-0.199921,0.485338,-0.364355,-0.259596,-0.274214,-0.331093,-0.389782,-0.24462,-0.378665,-0.478786,0.974382,-0.460782
1641,-1.304099,0.033101,-2.064945,4.132701,2.18932,2.562554,2.469354,-0.389782,1.038011,-0.378665,-0.478786,0.974382,-0.460782
1011,0.237727,-0.217762,-0.551882,-0.19508,-0.193409,-0.271819,-0.063265,-0.389782,-0.156163,-0.378665,-0.478786,0.974382,-0.460782
956,-0.300185,-0.233558,0.03049,-0.448992,-0.027942,-0.240685,-0.476754,-0.389782,-0.288849,-0.378665,2.088616,-1.026291,-0.460782
925,0.104458,-0.255377,0.31721,-0.212008,-0.127222,-0.193985,-0.796268,-0.389782,-0.156163,-0.378665,-0.478786,0.974382,-0.460782
867,-0.20592,-0.199803,-0.872947,-0.527987,-0.193409,-0.19159,0.312634,-0.389782,-0.200392,2.640859,-0.478786,-1.026291,-0.460782
412,-0.343833,-0.199767,-1.900683,-0.465919,-0.259596,-0.135908,1.421536,-0.389782,-0.200392,-0.378665,-0.478786,-1.026291,2.170225
1837,-1.535794,0.022092,-1.72169,5.012928,6.425282,4.698812,2.121648,-0.389782,5.195507,-0.378665,-0.478786,0.974382,-0.460782
1544,-0.279667,-0.200521,0.635328,-0.206365,-0.061035,-0.341271,-0.382779,-0.389782,-0.24462,-0.378665,2.088616,-1.026291,-0.460782
124,-0.583464,-0.214101,-0.848639,-0.110443,-0.193409,-0.162252,0.152877,-0.389782,-0.156163,-0.378665,2.088616,-1.026291,-0.460782
1273,0.179271,-0.240389,0.978398,-0.189438,-0.061035,-0.252061,-0.800967,-0.389782,-0.156163,-0.378665,-0.478786,-1.026291,2.170225
815,-0.212017,-0.1926,0.88973,-0.302287,-0.127222,-0.256851,-0.392177,-0.389782,-0.200392,2.640859,-0.478786,-1.026291,-0.460782
1779,-1.453143,-0.199504,-1.688451,1.243752,3.612338,4.032429,1.10672,-0.389782,5.991623,-0.378665,-0.478786,0.974382,-0.460782
203,-0.846613,-0.264842,-0.122538,-0.24022,-0.094129,-0.333488,-0.786871,-0.389782,-0.24462,-0.378665,-0.478786,0.974382,-0.460782
677,0.293279,-0.164032,-0.078527,-0.189438,-0.160315,-0.177819,0.162274,-0.389782,-0.156163,-0.378665,2.088616,-1.026291,-0.460782
160,0.199885,-0.241842,-0.62858,-0.037091,-0.425063,-0.21494,-0.288805,-0.389782,-0.156163,-0.378665,2.088616,-1.026291,-0.460782
1043,-0.676665,-0.20796,-0.662464,-0.392567,-0.160315,-0.209552,0.10119,-0.389782,-0.200392,-0.378665,2.088616,-1.026291,-0.460782
395,0.767799,-0.308889,0.845995,-0.39821,-0.259596,-0.230507,-1.519874,-0.389782,-0.111934,-0.378665,-0.478786,0.974382,-0.460782
1148,0.9091,-0.174151,-0.278881,-0.14994,-0.259596,-0.361628,0.181069,-0.389782,-0.200392,-0.378665,2.088616,-1.026291,-0.460782
1586,0.402062,-0.205535,2.636938,-0.257148,-0.061035,-0.234099,-0.819762,-0.389782,-0.24462,-0.378665,-0.478786,-1.026291,2.170225
1576,-0.123462,-0.217108,0.25819,-0.14994,-0.292689,-0.225717,-0.401574,-0.389782,-0.24462,-0.378665,-0.478786,0.974382,-0.460782
88,0.51307,-0.263498,1.905866,-0.110443,-0.226502,-0.276609,-1.143975,-0.389782,-0.200392,2.640859,-0.478786,-1.026291,-0.460782
745,-0.078749,-0.204808,-0.713565,-0.223293,-0.259596,-0.416711,0.162274,-0.389782,-0.377306,-0.378665,-0.478786,0.974382,-0.460782
96,1.336197,-0.217698,1.186579,-0.116086,-0.193409,-0.375399,-0.655306,-0.389782,-0.333078,-0.378665,-0.478786,-1.026291,2.170225
1715,-1.54315,0.519267,-2.007306,6.45176,2.685722,3.974951,2.732484,-0.389782,0.684182,-0.378665,-0.478786,0.974382,-0.460782
647,0.462647,-0.211539,-0.268108,-0.24022,-0.292689,-0.221526,-0.143144,-0.389782,-0.24462,-0.378665,2.088616,-1.026291,-0.460782
1702,2.663555,4.46169,-1.520968,1.023695,-0.59053,-0.462813,2.911036,-0.389782,-0.333078,-0.378665,-0.478786,0.974382,-0.460782
166,-0.673858,-0.163714,-0.75196,-0.409495,-0.39197,-0.259246,0.533474,2.565534,-0.288849,2.640859,-0.478786,-1.026291,-0.460782
759,-0.497329,-0.296435,0.18895,-0.336142,-0.193409,-0.279603,-1.289636,-0.389782,-0.288849,-0.378665,-0.478786,0.974382,-0.460782
1532,0.35551,-0.249191,-0.74662,-0.409495,-0.557437,-0.320316,-0.321696,-0.389782,-0.200392,-0.378665,-0.478786,-1.026291,2.170225
405,0.419869,-0.235529,-0.425832,-0.251505,-0.226502,-0.174227,-0.316997,-0.389782,-0.377306,-0.378665,-0.478786,-1.026291,2.170225
1682,-1.622317,-0.097503,-1.849398,2.857501,4.704422,6.011821,1.924301,-0.389782,5.151278,-0.378665,-0.478786,0.974382,-0.460782
1085,0.713698,-0.184316,-0.350055,-0.3305,-0.259596,-0.385577,0.13878,-0.389782,-0.288849,2.640859,-0.478786,-1.026291,-0.460782
1592,-0.041391,-0.167139,0.211232,-0.14994,-0.226502,-0.236494,0.016613,2.565534,-0.111934,-0.378665,-0.478786,-1.026291,2.170225
883,0.062455,-0.183698,0.078,-0.234578,-0.226502,-0.148481,-0.053868,2.565534,-0.111934,-0.378665,-0.478786,0.974382,-0.460782
495,-0.859485,-0.278032,1.251491,-0.189438,-0.127222,-0.221526,-1.20036,-0.389782,-0.288849,2.640859,-0.478786,-1.026291,-0.460782
747,-0.424549,-0.227191,-0.175757,-0.505417,-0.425063,-0.217335,-0.335792,2.565534,-0.200392,2.640859,-0.478786,-1.026291,-0.460782
1387,0.652919,-0.195834,0.337466,-0.432064,-0.127222,-0.340673,-0.246516,-0.389782,-0.023477,-0.378665,-0.478786,0.974382,-0.460782
473,0.887614,-0.236347,0.171916,-0.544914,-0.193409,-0.33708,-0.556633,-0.389782,-0.333078,-0.378665,-0.478786,0.974382,-0.460782
1684,-1.516148,-0.058389,-1.831996,3.207334,4.605142,4.92573,2.032372,2.565534,5.682022,-0.378665,-0.478786,0.974382,-0.460782
1160,-0.81303,-0.266695,-0.022545,-0.37564,-0.259596,-0.242482,-0.838557,-0.389782,-0.377306,-0.378665,-0.478786,-1.026291,2.170225
1471,0.40361,-0.223612,-0.701872,-0.037091,-0.292689,-0.331093,-0.039772,-0.389782,-0.377306,-0.378665,-0.478786,-1.026291,2.170225
1241,0.440871,-0.197968,0.234527,-0.155583,-0.160315,-0.260443,-0.227721,-0.389782,-0.333078,-0.378665,-0.478786,0.974382,-0.460782
1622,-1.638576,-0.123946,-1.684768,0.707716,4.96917,2.862517,1.614184,-0.389782,5.726251,-0.378665,-0.478786,0.974382,-0.460782
1049,0.568332,-0.2834,0.757787,-0.212008,-0.193409,-0.254456,-1.20036,-0.389782,-0.067706,-0.378665,2.088616,-1.026291,-0.460782
1609,3.87284,7.226362,-1.305329,0.707716,-0.425063,-0.43587,2.929831,-0.389782,-0.333078,-0.378665,2.088616,-1.026291,-0.460782
1559,0.766831,-0.219642,0.837155,-0.133013,-0.39197,-0.311934,-0.589524,-0.389782,-0.111934,-0.378665,-0.478786,0.974382,-0.460782
70,1.139924,-0.24425,-0.302636,-0.14994,-0.259596,-0.249068,-0.472056,-0.389782,-0.111934,-0.378665,-0.478786,0.974382,-0.460782
723,-0.145722,-0.240407,-1.311406,-0.228935,-0.193409,-0.22452,0.199864,-0.389782,-0.111934,-0.378665,-0.478786,-1.026291,2.170225
113,0.627369,-0.224574,1.037694,-0.556199,-0.027942,-0.119742,-0.6788,-0.389782,-0.24462,2.640859,-0.478786,-1.026291,-0.460782
787,0.513263,-0.254451,0.395473,-0.37564,-0.127222,-0.277806,-0.805666,-0.389782,-0.156163,-0.378665,-0.478786,0.974382,-0.460782
202,-0.696021,-0.268848,-0.821845,-0.313572,-0.259596,-0.171233,-0.570729,-0.389782,-0.24462,-0.378665,-0.478786,0.974382,-0.460782
197,0.964072,-0.227745,0.986408,-0.031448,-0.425063,-0.345463,-0.692896,-0.389782,-0.333078,-0.378665,-0.478786,-1.026291,2.170225
573,-0.142915,-0.179874,-0.742477,-0.313572,-0.193409,-0.304749,0.40191,-0.389782,-0.156163,-0.378665,-0.478786,0.974382,-0.460782
1454,-0.302411,-0.192182,0.658531,-0.223293,-0.358876,-0.173029,-0.321696,-0.389782,-0.288849,-0.378665,-0.478786,-1.026291,2.170225
463,0.638886,-0.2044,-0.950842,-0.550556,-0.358876,-0.262838,0.32673,2.565534,-0.288849,-0.378665,-0.478786,-1.026291,2.170225
1593,-0.507394,-0.231069,0.838445,-0.116086,-0.39197,-0.158061,-0.688197,-0.389782,-0.111934,-0.378665,-0.478786,-1.026291,2.170225
1062,1.327002,-0.215454,0.292442,-0.302287,-0.259596,-0.185602,-0.396876,-0.389782,-0.288849,-0.378665,2.088616,-1.026291,-0.460782
15,1.429881,-0.169773,-0.314882,-0.37564,-0.292689,-0.250864,0.232755,-0.389782,-0.067706,-0.378665,-0.478786,0.974382,-0.460782
1185,-0.250149,-0.208424,-0.961706,-0.347427,0.071339,-0.303552,0.293839,-0.389782,-0.377306,-0.378665,2.088616,-1.026291,-0.460782
1193,0.094393,-0.257003,0.138954,-0.234578,-0.358876,-0.204762,-0.768076,-0.389782,-0.24462,-0.378665,-0.478786,0.974382,-0.460782
1829,0.363349,-0.194835,-0.754723,-0.133013,0.137526,-0.146086,0.279743,2.565534,-0.200392,-0.378665,2.088616,-1.026291,-0.460782
927,0.262987,-0.204391,0.313895,-0.245863,-0.226502,-0.170634,-0.3076,-0.389782,-0.156163,-0.378665,-0.478786,0.974382,-0.460782
251,0.422289,-0.171026,1.443191,-0.274075,-0.127222,-0.402342,-0.387478,-0.389782,-0.333078,-0.378665,-0.478786,-1.026291,2.170225
365,-1.4364,-0.247502,0.759352,-0.17251,-0.358876,-0.260443,-0.819762,2.565534,-0.200392,-0.378665,2.088616,-1.026291,-0.460782
1061,0.352316,-0.174978,0.120355,-0.223293,-0.325783,-0.265832,-0.00688,-0.389782,-0.333078,-0.378665,2.088616,-1.026291,-0.460782
432,-0.522105,-0.219624,1.225158,-0.200723,-0.292689,-0.226915,-0.6788,-0.389782,-0.200392,-0.378665,-0.478786,0.974382,-0.460782
1118,0.134461,-0.218316,0.214731,-0.14994,-0.325783,-0.155067,-0.396876,-0.389782,-0.24462,-0.378665,2.088616,-1.026291,-0.460782
695,0.499327,-0.221922,-0.019875,-0.245863,-0.193409,-0.15866,-0.34519,-0.389782,-0.24462,-0.378665,-0.478786,0.974382,-0.460782
852,-0.681891,-0.256894,1.220738,-0.403852,-0.226502,-0.282596,-0.993615,2.565534,-0.24462,-0.378665,2.088616,-1.026291,-0.460782
1151,-0.47023,-0.194598,1.732673,-0.296645,-0.358876,-0.253857,-0.60362,-0.389782,-0.111934,-0.378665,-0.478786,-1.026291,2.170225
696,-0.275409,-0.261472,-0.044643,-0.099158,-0.358876,-0.296367,-0.768076,-0.389782,-0.333078,2.640859,-0.478786,-1.026291,-0.460782
1742,3.521523,5.130928,-1.422724,1.181684,-0.557437,-0.462813,2.911036,-0.389782,-0.377306,-0.378665,2.088616,-1.026291,-0.460782
1536,-0.38032,-0.17605,0.667554,-0.251505,-0.226502,-0.171832,-0.208926,-0.389782,-0.333078,-0.378665,-0.478786,-1.026291,2.170225
964,0.317958,-0.179093,1.033551,-0.257148,-0.094129,-0.204163,-0.335792,-0.389782,-0.200392,-0.378665,-0.478786,0.974382,-0.460782
1125,0.452001,-0.129841,0.62032,-0.341785,-0.226502,-0.144889,0.10119,-0.389782,-0.377306,-0.378665,-0.478786,0.974382,-0.460782
154,-0.26215,-0.267013,0.414717,-0.166868,-0.325783,-0.321513,-0.951327,-0.389782,-0.200392,-0.378665,-0.478786,0.974382,-0.460782
192,-0.584432,-0.227136,0.798208,-0.127371,-0.259596,-0.267029,-0.645909,-0.389782,-0.200392,-0.378665,2.088616,-1.026291,-0.460782
1175,0.038744,-0.221786,0.133613,-0.39821,-0.259596,-0.196978,-0.401574,-0.389782,-0.288849,-0.378665,-0.478786,0.974382,-0.460782
1402,-0.537493,-0.150307,0.333139,-0.494132,-0.094129,-0.155666,0.082396,-0.389782,-0.156163,-0.378665,2.088616,-1.026291,-0.460782
261,0.540459,-0.260355,-0.791553,-0.324857,-0.292689,-0.19638,-0.457959,-0.389782,-0.067706,-0.378665,-0.478786,0.974382,-0.460782
947,-0.105364,-0.197451,-0.155501,-0.324857,-0.358876,-0.24787,-0.063265,-0.389782,-0.333078,-0.378665,-0.478786,0.974382,-0.460782
109,0.215757,-0.193745,-0.61348,-0.37564,-0.160315,-0.364622,0.204563,-0.389782,-0.067706,-0.378665,-0.478786,0.974382,-0.460782
293,-0.021164,-0.261136,-0.889796,-0.324857,0.071339,-0.236494,-0.415671,-0.389782,-0.377306,-0.378665,-0.478786,-1.026291,2.170225
1200,0.538233,-0.192882,-1.365177,-0.200723,-0.127222,-0.291577,0.791905,-0.389782,-0.023477,-0.378665,-0.478786,0.974382,-0.460782
401,0.491875,-0.18546,0.417848,-0.189438,-0.325783,-0.150278,-0.19483,-0.389782,-0.200392,2.640859,-0.478786,-1.026291,-0.460782
1826,-1.697903,0.417821,-1.818185,4.663094,1.560544,2.159012,2.59622,-0.389782,1.038011,-0.378665,-0.478786,-1.026291,2.170225
1370,-0.897424,-0.240871,0.408272,-0.274075,-0.39197,-0.164647,-0.669402,-0.389782,-0.200392,-0.378665,-0.478786,-1.026291,2.170225
321,-0.47865,-0.223503,0.071831,-0.392567,-0.292689,-0.28559,-0.392177,-0.389782,-0.111934,-0.378665,-0.478786,-1.026291,2.170225
389,0.134751,-0.25227,-0.864476,-0.415137,-0.358876,-0.320915,-0.298202,2.565534,-0.111934,-0.378665,-0.478786,0.974382,-0.460782
218,0.276923,-0.193608,1.145421,-0.347427,-0.292689,-0.460418,-0.467357,-0.389782,-0.156163,-0.378665,2.088616,-1.026291,-0.460782
710,1.042755,-0.199794,0.743884,-0.26279,-0.358876,-0.272418,-0.406273,-0.389782,-0.288849,-0.378665,-0.478786,-1.026291,2.170225
932,-0.633113,-0.280148,-0.97828,-0.392567,-0.259596,-0.150876,-0.692896,-0.389782,-0.200392,-0.378665,-0.478786,0.974382,-0.460782
1693,-1.402139,-0.173197,-1.960348,1.802357,5.399385,3.648645,1.717556,-0.389782,3.514817,-0.378665,-0.478786,0.974382,-0.460782
1012,1.201186,-0.249491,0.519682,-0.590054,-0.160315,-0.308341,-0.786871,-0.389782,-0.067706,-0.378665,2.088616,-1.026291,-0.460782
918,-1.157669,-0.215127,-0.248312,-0.443349,-0.425063,-0.349055,-0.185433,-0.389782,-0.377306,-0.378665,-0.478786,0.974382,-0.460782
1166,0.914132,-0.232423,-0.141966,-0.183795,-0.259596,-0.295169,-0.401574,-0.389782,-0.156163,-0.378665,-0.478786,-1.026291,2.170225
9,-0.089008,-0.143021,-0.360827,-0.183795,-0.325783,-0.156864,0.444198,-0.389782,-0.156163,-0.378665,-0.478786,0.974382,-0.460782
839,0.346799,-0.203373,-0.312857,-0.465919,0.104432,-0.276609,-0.04447,2.565534,-0.377306,2.640859,-0.478786,-1.026291,-0.460782
1685,-1.392848,0.358314,-1.934383,2.739009,2.884282,3.230734,2.63381,-0.389782,1.436069,-0.378665,-0.478786,-1.026291,2.170225
1569,-1.272742,-0.189457,-0.496177,-0.17251,-0.226502,-0.114953,0.171672,-0.389782,-0.288849,-0.378665,-0.478786,-1.026291,2.170225
387,-0.981043,-0.131794,2.292303,-0.19508,-0.458157,-0.246074,-0.354587,-0.389782,-0.067706,-0.378665,-0.478786,0.974382,-0.460782
1294,0.708762,-0.181582,0.414349,-0.369997,-0.259596,-0.162851,-0.166638,-0.389782,-0.24462,-0.378665,-0.478786,0.974382,-0.460782
503,0.017936,-0.273163,0.030121,-0.26279,-0.160315,-0.208354,-0.937231,-0.389782,-0.24462,-0.378665,-0.478786,-1.026291,2.170225
628,-0.023584,-0.202783,-0.315895,-0.228935,-0.226502,-0.262838,-0.039772,2.565534,-0.156163,-0.378665,-0.478786,0.974382,-0.460782
975,0.504456,-0.18873,0.518577,-0.448992,-0.094129,-0.201169,-0.251215,-0.389782,-0.288849,-0.378665,-0.478786,0.974382,-0.460782
22,-1.041822,-0.19121,-0.643036,-0.166868,-0.027942,-0.25266,0.242153,-0.389782,-0.156163,-0.378665,-0.478786,-1.026291,2.170225
1722,1.104695,-0.155857,1.035668,0.030619,0.071339,-0.253259,-0.190131,2.565534,-0.24462,-0.378665,-0.478786,-1.026291,2.170225
384,0.454324,-0.196079,0.154698,-0.415137,-0.226502,-0.367017,-0.180734,-0.389782,-0.24462,-0.378665,-0.478786,0.974382,-0.460782
315,0.310506,-0.178239,-1.970476,-0.336142,-0.193409,-0.261042,1.70346,-0.389782,-0.24462,-0.378665,-0.478786,0.974382,-0.460782
296,-0.754187,-0.21421,-0.203472,-0.28536,-0.226502,-0.237093,-0.19483,2.565534,-0.111934,-0.378665,2.088616,-1.026291,-0.460782
761,-0.907392,-0.215309,0.949394,-0.437707,-0.160315,-0.292176,-0.580126,-0.389782,-0.200392,-0.378665,2.088616,-1.026291,-0.460782
224,-0.139528,-0.205208,0.401919,-0.138656,-0.458157,-0.150876,-0.34519,-0.389782,-0.24462,-0.378665,-0.478786,-1.026291,2.170225
129,0.192723,-0.209786,0.625476,-0.082231,-0.160315,-0.310138,-0.453261,-0.389782,-0.377306,2.640859,-0.478786,-1.026291,-0.460782
274,-0.949492,-0.242442,1.35839,-0.37564,-0.193409,-0.222125,-0.890243,-0.389782,-0.111934,-0.378665,2.088616,-1.026291,-0.460782
1528,-0.073813,-0.192809,0.657518,-0.539272,-0.292689,-0.12573,-0.326395,-0.389782,-0.200392,-0.378665,-0.478786,0.974382,-0.460782
491,-0.045359,-0.196742,0.345753,-0.003236,-0.193409,-0.21015,-0.255914,-0.389782,-0.200392,-0.378665,2.088616,-1.026291,-0.460782
775,-0.266795,-0.212266,1.109512,-0.392567,-0.39197,-0.290978,-0.598921,-0.389782,-0.333078,-0.378665,-0.478786,-1.026291,2.170225
1420,0.337411,-0.178348,-0.928283,-0.228935,-0.027942,-0.137704,0.542872,-0.389782,-0.288849,-0.378665,2.088616,-1.026291,-0.460782
270,0.500101,-0.235202,0.130207,-0.426422,-0.226502,-0.193985,-0.52844,-0.389782,-0.156163,-0.378665,-0.478786,0.974382,-0.460782
1010,-1.163379,-0.227645,-0.451797,-0.358712,-0.193409,-0.22452,-0.218324,-0.389782,-0.111934,-0.378665,-0.478786,-1.026291,2.170225
450,-0.00384,-0.268567,0.544266,-0.37564,-0.193409,-0.338278,-0.993615,-0.389782,-0.288849,-0.378665,-0.478786,0.974382,-0.460782
1450,0.802834,-0.284654,-1.571148,-0.460277,-0.127222,-0.204762,-0.373382,-0.389782,-0.200392,-0.378665,-0.478786,0.974382,-0.460782
1406,-1.204318,-0.22779,0.10774,-0.228935,-0.292689,-0.27122,-0.448562,-0.389782,-0.333078,-0.378665,2.088616,-1.026291,-0.460782
76,-0.671923,-0.208169,0.851427,-0.409495,-0.259596,-0.230507,-0.500248,2.565534,-0.24462,-0.378665,-0.478786,-1.026291,2.170225
890,-0.204952,-0.162052,-0.246195,-0.313572,0.038245,-0.29038,0.256249,-0.389782,-0.377306,-0.378665,-0.478786,-1.026291,2.170225
1738,1.867624,6.853896,-0.797537,0.634364,-0.425063,-0.441858,2.896939,2.565534,-0.377306,-0.378665,-0.478786,0.974382,-0.460782
614,0.146365,-0.185406,0.066491,-0.161225,-0.325783,-0.277208,-0.063265,-0.389782,-0.377306,-0.378665,-0.478786,0.974382,-0.460782
408,1.027754,-0.239662,0.356526,-0.212008,-0.425063,-0.267628,-0.64121,-0.389782,-0.288849,-0.378665,-0.478786,0.974382,-0.460782
1351,0.244985,-0.175405,0.50495,-0.358712,-0.160315,-0.136507,-0.152541,-0.389782,-0.067706,2.640859,-0.478786,-1.026291,-0.460782
14,-0.238826,-0.250926,-0.120513,-0.037091,-0.061035,-0.28559,-0.617716,-0.389782,-0.24462,2.640859,-0.478786,-1.026291,-0.460782
1801,0.260567,-0.191492,-0.577203,-0.601339,-0.226502,-0.316724,0.199864,2.565534,0.06498,-0.378665,-0.478786,-1.026291,2.170225
499,-0.246762,-0.179756,-0.10928,-0.324857,-0.226502,-0.136507,0.058902,-0.389782,-0.156163,-0.378665,-0.478786,0.974382,-0.460782
1213,0.078327,-0.198395,-0.67029,-0.443349,-0.325783,-0.225717,0.195165,-0.389782,-0.377306,-0.378665,-0.478786,-1.026291,2.170225
667,1.183379,-0.213683,-0.043078,-0.138656,-0.061035,-0.289781,-0.255914,-0.389782,-0.156163,2.640859,-0.478786,-1.026291,-0.460782
838,-0.072652,-0.227954,0.263531,-0.144298,-0.226502,-0.284991,-0.500248,-0.389782,-0.023477,-0.378665,-0.478786,0.974382,-0.460782
798,0.054616,-0.194689,0.257914,-0.166868,-0.358876,-0.274214,-0.208926,-0.389782,-0.24462,-0.378665,-0.478786,-1.026291,2.170225
1664,-1.279323,0.62283,-1.954547,2.908283,1.858385,2.894249,2.737182,-0.389782,0.861096,-0.378665,-0.478786,0.974382,-0.460782
1455,-0.259343,-0.234067,1.643453,-0.206365,-0.094129,-0.128125,-0.871448,-0.389782,-0.067706,-0.378665,-0.478786,-1.026291,2.170225
1106,0.086844,-0.129868,0.994695,-0.313572,-0.160315,-0.203564,-0.020977,-0.389782,-0.156163,-0.378665,-0.478786,0.974382,-0.460782
151,-0.649663,-0.216481,-1.02312,-0.516702,-0.425063,-0.270622,0.25155,-0.389782,-0.288849,-0.378665,-0.478786,0.974382,-0.460782
349,1.551148,-0.173742,1.731845,-0.21765,-0.193409,-0.225717,-0.472056,-0.389782,-0.156163,-0.378665,2.088616,-1.026291,-0.460782
581,0.415804,-0.225265,1.669694,-0.274075,-0.292689,-0.173628,-0.805666,-0.389782,-0.067706,-0.378665,-0.478786,0.974382,-0.460782
904,0.800124,-0.14799,-0.509988,-0.39821,-0.226502,-0.327501,0.495884,-0.389782,-0.288849,-0.378665,2.088616,-1.026291,-0.460782
1163,0.32212,-0.200966,0.333047,-0.358712,-0.358876,-0.231106,-0.288805,-0.389782,-0.377306,-0.378665,-0.478786,0.974382,-0.460782
988,0.773896,-0.213547,0.687903,-0.601339,-0.358876,-0.226915,-0.500248,2.565534,-0.200392,-0.378665,-0.478786,0.974382,-0.460782
368,-0.29912,-0.170554,-1.75318,-0.274075,-0.127222,-0.343068,1.426235,-0.389782,-0.200392,-0.378665,-0.478786,0.974382,-0.460782
767,0.702858,-0.223503,-0.680234,-0.251505,-0.325783,-0.294571,-0.049169,-0.389782,-0.24462,2.640859,-0.478786,-1.026291,-0.460782
1654,-1.485178,-0.027886,-2.070837,1.689508,2.983563,3.513932,2.380078,-0.389782,5.107049,-0.378665,-0.478786,0.974382,-0.460782
345,-0.539332,-0.212548,0.544542,-0.245863,-0.259596,-0.219131,-0.448562,2.565534,-0.333078,-0.378665,-0.478786,0.974382,-0.460782
1590,-0.961203,-0.188576,1.6917,-0.37564,-0.39197,-0.232902,-0.556633,-0.389782,-0.24462,2.640859,-0.478786,-1.026291,-0.460782
1361,1.652575,-0.181173,0.845166,-0.054018,0.005152,-0.268227,-0.298202,-0.389782,-0.156163,-0.378665,2.088616,-1.026291,-0.460782
308,-1.338263,-0.130014,1.08502,-0.274075,-0.127222,-0.153271,-0.049169,-0.389782,-0.156163,-0.378665,-0.478786,0.974382,-0.460782
930,-1.508792,-0.182862,1.897487,-0.437707,-0.292689,-0.251462,-0.561332,-0.389782,-0.24462,-0.378665,-0.478786,-1.026291,2.170225
1289,0.161172,-0.218861,1.146158,-0.482847,-0.193409,-0.352049,-0.655306,-0.389782,-0.200392,-0.378665,-0.478786,0.974382,-0.460782
66,0.549847,-0.190556,1.096346,-0.099158,-0.226502,-0.329896,-0.434466,-0.389782,-0.200392,-0.378665,-0.478786,-1.026291,2.170225
1773,-1.387815,0.333798,-1.930331,3.523313,1.626731,2.65416,2.615015,-0.389782,1.038011,-0.378665,-0.478786,0.974382,-0.460782
1364,-0.20892,-0.270292,0.003236,-0.291002,-0.061035,-0.253259,-0.894942,-0.389782,-0.156163,-0.378665,-0.478786,0.974382,-0.460782
794,-1.134442,-0.262353,1.030604,-0.386925,-0.292689,-0.386176,-1.017109,-0.389782,-0.156163,-0.378665,-0.478786,0.974382,-0.460782
439,-1.055274,-0.138707,0.35229,-0.567484,-0.226502,-0.237093,0.148178,-0.389782,-0.288849,-0.378665,-0.478786,0.974382,-0.460782
1695,-1.584766,-0.091036,-1.643795,2.360963,4.406581,3.143918,1.712857,2.565534,5.062821,-0.378665,-0.478786,0.974382,-0.460782
1674,0.386867,-0.16603,0.607337,-0.257148,-0.127222,-0.034723,-0.11965,2.565534,-0.24462,-0.378665,-0.478786,0.974382,-0.460782
1449,0.72686,-0.233958,1.723834,-0.155583,-0.226502,-0.352647,-0.880846,2.565534,-0.200392,-0.378665,-0.478786,0.974382,-0.460782
357,0.792381,-0.163778,2.348745,-0.121728,0.005152,-0.27601,-0.533139,-0.389782,-0.377306,-0.378665,-0.478786,-1.026291,2.170225
285,0.187207,-0.203137,-0.292324,-0.336142,-0.259596,-0.362826,-0.053868,-0.389782,-0.288849,2.640859,-0.478786,-1.026291,-0.460782
1341,-0.485328,-0.190166,-1.157273,-0.39821,-0.226502,-0.275412,0.62275,-0.389782,-0.288849,-0.378665,-0.478786,0.974382,-0.460782
122,-0.759897,-0.217989,0.520143,-0.437707,-0.259596,-0.325705,-0.49085,-0.389782,-0.200392,-0.378665,-0.478786,-1.026291,2.170225
1150,1.145343,-0.183852,-0.072634,-0.37564,-0.259596,-0.207157,0.007216,-0.389782,-0.111934,-0.378665,2.088616,-1.026291,-0.460782
209,0.818996,-0.179074,-0.130917,-0.274075,0.005152,-0.311934,0.072998,-0.389782,-0.156163,-0.378665,-0.478786,0.974382,-0.460782
1426,0.37235,-0.256749,0.581372,-0.296645,-0.127222,-0.302953,-0.876147,-0.389782,-0.377306,-0.378665,-0.478786,0.974382,-0.460782
1457,1.360295,-0.204145,0.368588,-0.386925,-0.127222,-0.30894,-0.326395,-0.389782,-0.200392,-0.378665,-0.478786,0.974382,-0.460782
1709,-1.541214,0.198715,-1.953995,4.098846,2.917376,1.658477,2.544534,-0.389782,1.126469,-0.378665,-0.478786,0.974382,-0.460782
295,-0.216856,-0.23949,-0.796064,-0.24022,-0.061035,-0.220927,-0.166638,-0.389782,-0.200392,-0.378665,-0.478786,0.974382,-0.460782
731,-0.952783,-0.207942,-0.643404,-0.324857,-0.425063,-0.293972,0.087094,-0.389782,-0.24462,-0.378665,-0.478786,0.974382,-0.460782
1566,-0.722733,-0.191356,1.320363,-0.347427,-0.226502,-0.249666,-0.495549,-0.389782,-0.288849,-0.378665,-0.478786,-1.026291,2.170225
50,-0.530815,-0.21163,0.185359,-0.386925,-0.259596,-0.25266,-0.326395,-0.389782,-0.377306,-0.378665,-0.478786,-1.026291,2.170225
901,-0.309089,-0.225574,0.312422,-0.155583,-0.160315,-0.349055,-0.495549,-0.389782,-0.156163,-0.378665,-0.478786,0.974382,-0.460782
237,0.291731,-0.171099,0.231489,-0.296645,-0.226502,-0.155666,-0.020977,-0.389782,-0.111934,-0.378665,-0.478786,0.974382,-0.460782
707,-0.175918,-0.220596,-0.116093,-0.369997,-0.061035,-0.428087,-0.293503,-0.389782,-0.333078,-0.378665,-0.478786,0.974382,-0.460782
375,0.953135,-0.196697,-0.827646,-0.432064,-0.358876,-0.344864,0.312634,-0.389782,-0.377306,-0.378665,-0.478786,0.974382,-0.460782
605,0.38135,-0.233785,-0.537242,-0.505417,-0.292689,-0.157462,-0.241817,-0.389782,-0.156163,-0.378665,-0.478786,0.974382,-0.460782
1800,-0.498103,-0.184343,-0.459439,0.087044,-0.094129,-0.190392,0.195165,2.565534,0.020752,-0.378665,-0.478786,-1.026291,2.170225
959,0.768573,-0.136817,-0.144544,-0.116086,-0.160315,-0.165246,0.373717,-0.389782,-0.377306,-0.378665,-0.478786,0.974382,-0.460782
1764,-0.532073,-0.190111,0.577689,-0.212008,-0.061035,-0.30415,-0.284106,2.565534,-0.200392,-0.378665,2.088616,-1.026291,-0.460782
1752,-1.235578,0.493888,-2.122767,3.782867,1.924572,2.579918,2.78417,-0.389782,1.436069,-0.378665,-0.478786,0.974382,-0.460782
1610,-1.740487,0.592482,-2.034652,4.217338,2.056946,2.172783,2.765375,-0.389782,0.993783,-0.378665,-0.478786,-1.026291,2.170225
1781,-1.493791,-0.114817,-1.61958,0.51023,4.042553,5.82382,1.585992,-0.389782,6.831968,-0.378665,-0.478786,0.974382,-0.460782
196,-0.488328,-0.206543,1.505433,-0.313572,-0.193409,-0.22452,-0.64121,-0.389782,-0.333078,2.640859,-0.478786,-1.026291,-0.460782
454,-1.093987,-0.115098,0.377335,-0.28536,-0.094129,-0.226316,0.275044,-0.389782,-0.288849,2.640859,-0.478786,-1.026291,-0.460782
1724,2.353176,2.61611,-1.315181,1.396099,-0.39197,-0.427488,2.82176,-0.389782,-0.377306,-0.378665,2.088616,-1.026291,-0.460782
1578,0.602786,-0.215981,0.460939,-0.386925,-0.226502,-0.324507,-0.453261,-0.389782,-0.333078,-0.378665,2.088616,-1.026291,-0.460782
861,-1.027788,-0.204009,0.289404,-0.403852,-0.226502,-0.211348,-0.298202,-0.389782,-0.24462,2.640859,-0.478786,-1.026291,-0.460782
290,-1.075889,-0.177921,-0.343978,-0.477204,-0.49125,-0.332889,0.185768,-0.389782,-0.200392,-0.378665,2.088616,-1.026291,-0.460782
1689,3.470422,6.696486,-1.444085,0.44252,-0.458157,-0.425093,2.934529,-0.389782,-0.333078,-0.378665,-0.478786,0.974382,-0.460782
33,-0.547462,-0.258284,-0.572599,-0.319215,-0.193409,-0.155666,-0.533139,-0.389782,-0.377306,-0.378665,-0.478786,0.974382,-0.460782
1320,-0.449616,-0.234821,0.879878,-0.302287,-0.259596,-0.273615,-0.730486,-0.389782,-0.067706,-0.378665,-0.478786,0.974382,-0.460782
633,-1.591541,-0.230115,-0.097954,-0.268433,-0.325783,-0.251462,-0.396876,-0.389782,-0.200392,-0.378665,-0.478786,-1.026291,2.170225
649,-0.497329,-0.234975,-1.143462,-0.347427,-0.325783,-0.24787,0.129383,-0.389782,-0.24462,-0.378665,-0.478786,0.974382,-0.460782
451,-0.105945,-0.228717,0.685509,-0.443349,-0.292689,-0.251462,-0.627114,-0.389782,-0.156163,-0.378665,-0.478786,0.974382,-0.460782
266,0.354832,-0.226409,1.179029,-0.268433,-0.259596,-0.322711,-0.725787,-0.389782,-0.156163,-0.378665,2.088616,-1.026291,-0.460782
1069,-0.146786,-0.240262,1.907707,-0.076588,-0.061035,-0.311335,-0.956025,2.565534,-0.200392,-0.378665,-0.478786,0.974382,-0.460782
356,-0.558688,-0.168837,1.286848,-0.499774,-0.193409,-0.346061,-0.335792,-0.389782,-0.24462,-0.378665,-0.478786,0.974382,-0.460782
719,0.332282,-0.226382,0.994143,-0.155583,-0.226502,-0.346061,-0.683499,-0.389782,-0.333078,-0.378665,-0.478786,-1.026291,2.170225
1518,-0.784286,-0.204054,0.886507,-0.533629,-0.226502,-0.216736,-0.476754,-0.389782,-0.288849,-0.378665,-0.478786,0.974382,-0.460782
1084,0.353961,-0.260155,0.609179,-0.155583,-0.259596,-0.227513,-0.913737,-0.389782,-0.333078,-0.378665,-0.478786,0.974382,-0.460782
114,-0.022906,-0.182508,-0.420492,-0.178153,-0.425063,-0.182609,0.190467,-0.389782,-0.24462,-0.378665,-0.478786,0.974382,-0.460782
1772,-0.013034,-0.20122,0.597025,-0.268433,0.137526,-0.147883,-0.373382,2.565534,-0.067706,-0.378665,-0.478786,0.974382,-0.460782
81,-0.254117,-0.244204,-1.503197,-0.432064,-0.193409,-0.350851,0.345525,-0.389782,-0.156163,2.640859,-0.478786,-1.026291,-0.460782
732,0.251373,-0.274462,0.708803,-0.28536,-0.358876,-0.152074,-1.08759,-0.389782,-0.377306,-0.378665,-0.478786,-1.026291,2.170225
428,0.677018,-0.198559,0.403852,-0.200723,-0.127222,-0.28559,-0.293503,-0.389782,-0.156163,2.640859,-0.478786,-1.026291,-0.460782
1784,-1.719002,0.599213,-2.267693,4.668736,2.454067,1.965025,2.878144,-0.389782,0.816868,-0.378665,-0.478786,0.974382,-0.460782
11,-0.332413,-0.195843,0.350541,-0.28536,-0.39197,-0.344864,-0.251215,-0.389782,-0.156163,-0.378665,-0.478786,-1.026291,2.170225
1116,0.288537,-0.286761,0.484878,-0.358712,-0.49125,-0.174227,-1.20036,-0.389782,-0.288849,-0.378665,2.088616,-1.026291,-0.460782
366,-0.278312,-0.213429,1.246888,-0.358712,-0.458157,-0.207157,-0.636511,-0.389782,-0.200392,-0.378665,-0.478786,0.974382,-0.460782
1798,0.54946,-0.279022,0.375125,-0.200723,0.137526,-0.174227,-1.08759,2.565534,0.153438,-0.378665,-0.478786,-1.026291,2.170225
1741,0.909777,-0.179501,0.114093,-0.014521,0.071339,-0.311335,-0.035073,2.565534,-0.111934,-0.378665,-0.478786,-1.026291,2.170225
1171,0.921681,-0.247747,1.566571,-0.409495,-0.259596,-0.133513,-0.965423,-0.389782,-0.067706,2.640859,-0.478786,-1.026291,-0.460782
187,-0.710151,-0.257494,0.826014,-0.477204,-0.425063,-0.252061,-0.932532,-0.389782,-0.111934,-0.378665,2.088616,-1.026291,-0.460782
139,0.712924,-0.152968,1.074708,-0.556199,-0.226502,-0.157462,-0.180734,-0.389782,-0.288849,-0.378665,-0.478786,0.974382,-0.460782
1198,-0.028132,-0.241361,0.721049,-0.133013,-0.358876,-0.2808,-0.75398,-0.389782,-0.156163,-0.378665,-0.478786,0.974382,-0.460782
965,-0.265731,-0.213592,1.106013,-0.245863,-0.292689,-0.33708,-0.608319,2.565534,-0.24462,-0.378665,2.088616,-1.026291,-0.460782
687,-0.331929,-0.175096,0.072936,-0.037091,-0.193409,-0.277208,0.011914,-0.389782,-0.156163,-0.378665,-0.478786,-1.026291,2.170225
1388,0.955555,-0.170908,0.947737,-0.415137,-0.325783,-0.34666,-0.260612,-0.389782,-0.111934,-0.378665,-0.478786,-1.026291,2.170225
275,0.082876,-0.231151,-1.181673,-0.17251,-0.458157,-0.313131,0.209261,-0.389782,-0.24462,-0.378665,-0.478786,0.974382,-0.460782
878,-0.628081,-0.193281,0.357539,-0.415137,-0.259596,-0.159258,-0.23242,-0.389782,-0.067706,-0.378665,2.088616,-1.026291,-0.460782
703,0.342444,-0.163269,0.73127,-0.212008,-0.226502,-0.378393,-0.143144,-0.389782,-0.156163,-0.378665,-0.478786,0.974382,-0.460782
1181,-0.196726,-0.25337,0.576768,-0.234578,-0.226502,-0.189794,-0.838557,-0.389782,-0.200392,-0.378665,2.088616,-1.026291,-0.460782
636,-0.012454,-0.207524,0.02294,-0.426422,-0.49125,-0.206558,-0.227721,-0.389782,-0.200392,-0.378665,2.088616,-1.026291,-0.460782
1442,-0.217921,-0.189039,1.885517,-0.099158,-0.425063,-0.289182,-0.598921,-0.389782,-0.288849,-0.378665,-0.478786,-1.026291,2.170225
1290,1.014108,-0.200921,-0.132759,-0.178153,-0.49125,-0.340074,-0.105554,-0.389782,-0.288849,-0.378665,-0.478786,-1.026291,2.170225
650,0.697729,-0.231514,0.741582,-0.104801,-0.226502,-0.429284,-0.669402,-0.389782,-0.200392,-0.378665,-0.478786,0.974382,-0.460782
173,-0.580561,-0.25376,-0.893479,-0.381282,-0.061035,-0.215539,-0.302901,-0.389782,-0.377306,-0.378665,-0.478786,0.974382,-0.460782
996,0.180142,-0.189185,0.346766,-0.358712,-0.226502,-0.388571,-0.199529,-0.389782,-0.288849,-0.378665,2.088616,-1.026291,-0.460782
56,-0.620919,-0.214991,1.028026,-0.257148,-0.358876,-0.423297,-0.598921,-0.389782,-0.200392,-0.378665,-0.478786,-1.026291,2.170225
1502,-0.768414,-0.186641,1.196246,-0.26279,-0.027942,-0.316724,-0.429767,-0.389782,-0.24462,-0.378665,2.088616,-1.026291,-0.460782
456,0.731022,-0.244477,0.037672,-0.358712,-0.193409,-0.29038,-0.598921,-0.389782,-0.333078,-0.378665,2.088616,-1.026291,-0.460782
303,-0.368319,-0.261372,0.236921,-0.279717,-0.59053,-0.288583,-0.843256,-0.389782,-0.200392,2.640859,-0.478786,-1.026291,-0.460782
1401,-0.868583,-0.135273,-1.250913,-0.381282,-0.259596,-0.365819,1.111419,-0.389782,-0.200392,-0.378665,-0.478786,0.974382,-0.460782
146,-0.952589,-0.238863,1.109052,-0.415137,-0.292689,-0.202367,-0.815063,-0.389782,-0.377306,-0.378665,-0.478786,0.974382,-0.460782
20,-0.788835,-0.2152,-0.79321,-0.39821,-0.226502,-0.277806,0.105889,-0.389782,-0.377306,-0.378665,-0.478786,0.974382,-0.460782
616,0.415224,-0.201538,-0.563852,-0.302287,-0.061035,-0.337679,0.105889,-0.389782,-0.200392,-0.378665,2.088616,-1.026291,-0.460782
1825,-1.582733,-0.065847,-2.033363,2.140906,4.075647,4.500035,2.253212,-0.389782,5.107049,-0.378665,-0.478786,0.974382,-0.460782
398,0.241017,-0.219379,-0.982976,-0.17251,-0.061035,-0.220927,0.190467,-0.389782,-0.333078,-0.378665,-0.478786,0.974382,-0.460782
1224,0.465357,-0.222222,-1.564887,-0.104801,-0.226502,-0.305947,0.707328,2.565534,-0.24462,-0.378665,-0.478786,-1.026291,2.170225
859,0.045518,-0.231705,-0.196106,-0.183795,-0.259596,-0.429883,-0.373382,-0.389782,-0.24462,-0.378665,-0.478786,0.974382,-0.460782
1156,0.177722,-0.177485,0.043656,-0.166868,-0.557437,-0.329896,0.007216,-0.389782,-0.377306,-0.378665,-0.478786,0.974382,-0.460782
1094,0.090909,-0.241297,0.253494,-0.302287,-0.39197,-0.311934,-0.631813,-0.389782,-0.24462,-0.378665,-0.478786,-1.026291,2.170225
1513,1.059305,-0.233122,0.715433,-0.324857,-0.292689,-0.302953,-0.674101,2.565534,-0.200392,-0.378665,-0.478786,-1.026291,2.170225
1183,-1.769522,-0.228072,-0.105597,-0.212008,0.038245,-0.207157,-0.373382,-0.389782,-0.111934,-0.378665,-0.478786,0.974382,-0.460782
105,1.226253,-0.216263,0.298335,-0.245863,-0.094129,-0.34666,-0.406273,-0.389782,-0.111934,-0.378665,-0.478786,0.974382,-0.460782
1727,4.190864,3.973825,-1.818,0.634364,-0.39197,-0.426889,2.929831,2.565534,-0.288849,-0.378665,2.088616,-1.026291,-0.460782
1821,0.262987,-0.182108,0.524194,-0.200723,-0.193409,0.066462,-0.204227,2.565534,-0.023477,-0.378665,2.088616,-1.026291,-0.460782
29,-1.603638,-0.196243,1.495305,-0.3305,-0.226502,-0.181411,-0.56603,-0.389782,-0.24462,-0.378665,-0.478786,0.974382,-0.460782
317,-0.699602,-0.209196,-0.306964,-0.369997,-0.061035,-0.324507,-0.100855,-0.389782,-0.111934,-0.378665,-0.478786,0.974382,-0.460782
1560,-0.839839,-0.17079,0.094482,-0.279717,-0.061035,-0.292775,0.035408,-0.389782,-0.24462,-0.378665,-0.478786,0.974382,-0.460782
1429,0.265212,-0.206825,0.020454,-0.403852,-0.193409,-0.211348,-0.223022,-0.389782,-0.156163,2.640859,-0.478786,-1.026291,-0.460782
44,-1.520503,-0.24296,1.341909,-0.347427,-0.160315,-0.283195,-0.890243,-0.389782,-0.156163,-0.378665,2.088616,-1.026291,-0.460782
1268,1.452044,-0.154921,0.525943,-0.369997,-0.39197,-0.252061,-0.020977,-0.389782,-0.200392,-0.378665,-0.478786,0.974382,-0.460782
333,-0.05707,-0.219851,0.118237,-0.251505,-0.193409,-0.307144,-0.378081,-0.389782,-0.288849,2.640859,-0.478786,-1.026291,-0.460782
342,-0.260214,-0.242787,0.255796,-0.296645,-0.226502,-0.2808,-0.645909,-0.389782,-0.333078,2.640859,-0.478786,-1.026291,-0.460782
1264,0.675663,-0.251653,-0.592579,-0.279717,-0.358876,-0.292775,-0.434466,-0.389782,-0.377306,-0.378665,-0.478786,0.974382,-0.460782
1130,-0.417871,-0.22957,-1.055254,-0.403852,-0.425063,-0.235896,0.129383,-0.389782,-0.24462,-0.378665,-0.478786,0.974382,-0.460782
609,-0.201661,-0.235575,0.46011,-0.420779,-0.193409,-0.218532,-0.631813,-0.389782,-0.156163,-0.378665,-0.478786,-1.026291,2.170225
10,-0.421162,-0.166394,-1.098898,-0.133013,-0.292689,-0.338877,0.768411,-0.389782,-0.156163,-0.378665,-0.478786,0.974382,-0.460782
1535,-0.241439,-0.236601,0.749224,-0.3305,-0.358876,-0.302354,-0.71639,-0.389782,-0.333078,-0.378665,-0.478786,-1.026291,2.170225
579,-0.570496,-0.191346,1.261896,-0.403852,-0.325783,-0.446647,-0.481453,2.565534,-0.111934,-0.378665,-0.478786,0.974382,-0.460782
211,0.322217,-0.195906,-0.113423,-0.3305,0.137526,-0.372405,-0.072663,-0.389782,-0.377306,-0.378665,-0.478786,0.974382,-0.460782
1633,-1.570152,-0.234121,-2.30084,0.250676,5.06845,0.674768,2.046468,-0.389782,5.239735,-0.378665,-0.478786,0.974382,-0.460782
1833,-1.430206,-0.132557,-1.833193,0.577939,4.373488,4.614392,1.755146,-0.389782,5.682022,-0.378665,-0.478786,0.974382,-0.460782
1806,0.388996,-0.251362,0.78808,-0.392567,-0.325783,-0.069449,-0.862051,2.565534,-0.111934,-0.378665,-0.478786,0.974382,-0.460782
82,-0.325735,-0.192209,0.189042,-0.268433,-0.160315,-0.134711,-0.161939,-0.389782,-0.156163,2.640859,-0.478786,-1.026291,-0.460782
1756,0.773509,4.84412,-1.470419,1.05755,-0.49125,-0.462813,2.911036,2.565534,-0.377306,-0.378665,2.088616,-1.026291,-0.460782
1242,0.308571,-0.212629,-0.515697,-0.35307,-0.292689,-0.314329,-0.030374,-0.389782,-0.156163,2.640859,-0.478786,-1.026291,-0.460782
1371,0.128267,-0.216971,-0.184781,-0.347427,-0.325783,-0.188596,-0.227721,-0.389782,-0.023477,2.640859,-0.478786,-1.026291,-0.460782
1822,2.440957,2.935827,-1.586985,1.283249,-0.557437,-0.438864,2.873446,-0.389782,-0.377306,-0.378665,-0.478786,0.974382,-0.460782
1051,0.671598,-0.236383,0.99138,-0.432064,-0.49125,-0.282596,-0.768076,-0.389782,-0.200392,-0.378665,-0.478786,-1.026291,2.170225
403,-0.03152,-0.228589,-0.496822,-0.14994,-0.160315,-0.331093,-0.204227,-0.389782,-0.111934,-0.378665,-0.478786,0.974382,-0.460782
52,0.525651,-0.216299,1.894909,-0.093516,-0.325783,-0.340074,-0.782172,-0.389782,-0.333078,2.640859,-0.478786,-1.026291,-0.460782
953,-0.418549,-0.177966,1.300475,-0.155583,-0.226502,-0.217335,-0.401574,-0.389782,-0.24462,-0.378665,-0.478786,0.974382,-0.460782
1694,-1.269452,0.50477,-2.110429,3.495101,1.924572,1.59561,2.779471,-0.389782,1.436069,-0.378665,-0.478786,0.974382,-0.460782
1755,-1.608381,0.33605,-2.178288,3.726442,1.593638,1.842286,2.770073,-0.389782,1.259155,-0.378665,-0.478786,0.974382,-0.460782
457,0.035066,-0.166884,0.523733,-0.30793,-0.160315,-0.167641,-0.100855,2.565534,-0.24462,-0.378665,-0.478786,0.974382,-0.460782
1262,-0.402096,-0.206035,-0.88418,-0.403852,-0.325783,-0.201768,0.260948,-0.389782,-0.288849,-0.378665,-0.478786,0.974382,-0.460782
1009,-1.769522,-0.201438,-1.186553,-0.37564,-0.061035,-0.179615,0.542872,-0.389782,-0.333078,-0.378665,2.088616,-1.026291,-0.460782
339,0.31941,-0.218225,-0.20559,-0.251505,-0.127222,-0.196978,-0.23242,-0.389782,-0.111934,-0.378665,2.088616,-1.026291,-0.460782
49,0.088102,-0.162896,0.11925,-0.245863,-0.226502,-0.331692,0.082396,-0.389782,-0.333078,-0.378665,-0.478786,-1.026291,2.170225
554,-0.768124,-0.28142,-0.235146,-0.19508,-0.061035,-0.291577,-0.984218,-0.389782,-0.24462,-0.378665,-0.478786,0.974382,-0.460782
1018,-0.130527,-0.212393,0.353395,-0.183795,-0.127222,-0.289182,-0.387478,-0.389782,-0.156163,-0.378665,2.088616,-1.026291,-0.460782
1523,0.831384,-0.255677,0.548041,-0.37564,-0.358876,-0.389768,-0.857352,-0.389782,-0.023477,-0.378665,-0.478786,0.974382,-0.460782
306,0.496907,-0.247456,0.432764,-0.392567,-0.193409,-0.110762,-0.744582,-0.389782,-0.111934,-0.378665,-0.478786,0.974382,-0.460782
646,-0.722152,-0.219778,1.25941,-0.099158,-0.061035,-0.220329,-0.688197,-0.389782,-0.377306,-0.378665,-0.478786,0.974382,-0.460782
392,-0.519492,-0.200539,0.667094,-0.228935,-0.193409,-0.235896,-0.392177,-0.389782,-0.156163,-0.378665,-0.478786,0.974382,-0.460782
234,0.016581,-0.221913,0.645456,-0.104801,-0.160315,-0.223322,-0.561332,-0.389782,-0.111934,-0.378665,-0.478786,0.974382,-0.460782
326,0.096716,-0.228408,0.552185,-0.448992,-0.193409,-0.24308,-0.589524,2.565534,-0.24462,-0.378665,-0.478786,0.974382,-0.460782
938,1.279579,-0.238091,0.188858,-0.274075,-0.094129,-0.223921,-0.575428,-0.389782,-0.24462,2.640859,-0.478786,-1.026291,-0.460782
1782,-0.129656,-0.186278,0.143926,-0.127371,-0.160315,-0.035921,-0.100855,2.565534,-0.111934,-0.378665,2.088616,-1.026291,-0.460782
1668,-1.679031,0.545574,-1.847648,3.782867,3.347591,2.698465,2.666701,-0.389782,0.684182,-0.378665,-0.478786,0.974382,-0.460782
1676,-0.140302,-0.156965,0.256441,-0.409495,-0.259596,-0.108965,0.068299,2.565534,-0.023477,-0.378665,-0.478786,-1.026291,2.170225
1637,-1.464854,0.292994,-2.205358,4.228623,1.593638,3.485791,2.774772,-0.389782,1.391841,-0.378665,-0.478786,-1.026291,2.170225
1631,4.883238,5.197429,-1.715153,1.271964,-0.458157,-0.386775,2.939228,2.565534,-0.288849,-0.378665,2.088616,-1.026291,-0.460782
307,-0.693989,-0.258393,-0.940437,-0.313572,-0.259596,-0.277208,-0.34519,-0.389782,-0.24462,-0.378665,-0.478786,0.974382,-0.460782
1551,-1.67816,-0.249636,0.183241,-0.24022,-0.127222,-0.326902,-0.697595,-0.389782,-0.333078,-0.378665,-0.478786,0.974382,-0.460782
915,-0.642695,-0.217843,-0.299598,-0.268433,-0.226502,-0.256851,-0.185433,-0.389782,-0.24462,-0.378665,-0.478786,-1.026291,2.170225
955,-0.744315,-0.217816,0.276789,-0.14994,-0.193409,-0.228711,-0.410972,-0.389782,-0.156163,2.640859,-0.478786,-1.026291,-0.460782
1236,0.926617,-0.208415,-0.553355,-0.341785,-0.358876,-0.159857,0.030709,-0.389782,-0.156163,-0.378665,-0.478786,0.974382,-0.460782
1086,-0.485038,-0.150643,0.616084,-0.465919,-0.358876,-0.114354,-0.025675,-0.389782,-0.377306,-0.378665,-0.478786,-1.026291,2.170225
1813,4.531922,3.780843,-1.283783,1.097047,-0.59053,-0.443055,2.868747,2.565534,-0.377306,-0.378665,2.088616,-1.026291,-0.460782
459,0.410482,-0.244767,-0.346556,-0.313572,-0.325783,-0.247271,-0.457959,-0.389782,-0.156163,-0.378665,-0.478786,0.974382,-0.460782
1725,-1.276517,0.314004,-2.018263,4.24555,2.520254,0.553825,2.662003,-0.389782,1.480298,-0.378665,-0.478786,0.974382,-0.460782
1157,0.261922,-0.265732,-0.768718,-0.454634,-0.193409,-0.314927,-0.551934,2.565534,-0.333078,-0.378665,-0.478786,0.974382,-0.460782
40,1.191895,-0.158019,0.640484,-0.437707,-0.325783,-0.292176,-0.077362,-0.389782,-0.288849,-0.378665,-0.478786,0.974382,-0.460782
1580,-0.283248,-0.149516,-1.173386,-0.313572,-0.292689,-0.31852,0.951662,-0.389782,-0.24462,2.640859,-0.478786,-1.026291,-0.460782
559,-0.96759,-0.232323,0.25819,-0.087873,-0.226502,-0.235896,-0.542537,-0.389782,-0.156163,-0.378665,-0.478786,-1.026291,2.170225
280,1.163925,-0.201266,0.682194,-0.155583,-0.226502,-0.179615,-0.401574,-0.389782,-0.377306,-0.378665,-0.478786,-1.026291,2.170225
416,0.966975,-0.295236,-0.139296,-0.358712,-0.292689,-0.295768,-1.219155,-0.389782,-0.288849,-0.378665,2.088616,-1.026291,-0.460782
1168,0.859161,-0.206643,-1.076616,-0.183795,-0.160315,-0.238889,0.397211,-0.389782,-0.24462,-0.378665,-0.478786,0.974382,-0.460782
1374,0.335379,-0.194081,-0.264241,-0.24022,-0.425063,-0.220927,0.011914,-0.389782,-0.288849,-0.378665,2.088616,-1.026291,-0.460782
1195,1.419235,-0.169164,-0.388634,-0.448992,-0.259596,-0.329896,0.275044,-0.389782,-0.288849,-0.378665,2.088616,-1.026291,-0.460782
1522,-0.417775,-0.255032,-0.521866,-0.279717,-0.259596,-0.34187,-0.509645,-0.389782,-0.156163,-0.378665,-0.478786,0.974382,-0.460782
1376,1.357972,-0.237864,1.516574,-0.155583,0.005152,-0.198774,-0.880846,-0.389782,-0.200392,-0.378665,-0.478786,0.974382,-0.460782
248,-1.1387,-0.192918,-0.032305,-0.166868,-0.259596,-0.209552,-0.08206,-0.389782,-0.200392,-0.378665,-0.478786,-1.026291,2.170225
1270,-0.578141,-0.19855,-0.555105,-0.245863,-0.292689,-0.234099,0.124684,-0.389782,-0.111934,-0.378665,-0.478786,-1.026291,2.170225
849,0.168818,-0.181772,0.383412,-0.257148,-0.226502,-0.274813,-0.15724,-0.389782,-0.156163,-0.378665,-0.478786,0.974382,-0.460782
449,0.664726,-0.200439,-0.113331,-0.403852,-0.292689,-0.253259,-0.110253,-0.389782,-0.156163,2.640859,-0.478786,-1.026291,-0.460782
369,-0.043908,-0.220441,1.033459,-0.499774,-0.160315,-0.173029,-0.64121,-0.389782,-0.156163,-0.378665,2.088616,-1.026291,-0.460782
1431,-0.64163,-0.226309,1.988825,-0.206365,-0.193409,-0.329297,-0.866749,-0.389782,-0.288849,-0.378665,2.088616,-1.026291,-0.460782
802,-0.188886,-0.219061,1.203797,-0.138656,-0.39197,-0.173029,-0.669402,-0.389782,-0.333078,-0.378665,-0.478786,0.974382,-0.460782
304,-0.182499,-0.190801,0.670224,-0.437707,-0.127222,-0.225118,-0.316997,-0.389782,-0.24462,-0.378665,-0.478786,0.974382,-0.460782
1484,0.599012,-0.248174,0.942765,-0.234578,-0.226502,-0.198176,-0.862051,-0.389782,-0.111934,-0.378665,-0.478786,-1.026291,2.170225
71,-0.392998,-0.27696,0.318775,-0.471562,-0.160315,-0.225118,-1.05,-0.389782,-0.24462,-0.378665,-0.478786,-1.026291,2.170225
919,-1.550408,-0.249246,1.226447,-0.24022,-0.061035,-0.234698,-0.927833,-0.389782,-0.377306,-0.378665,-0.478786,0.974382,-0.460782
702,-1.142184,-0.207661,-0.263597,-0.121728,-0.193409,-0.150278,-0.105554,-0.389782,-0.200392,-0.378665,-0.478786,-1.026291,2.170225
1396,-0.607079,-0.167983,0.737439,-0.336142,-0.094129,-0.225118,-0.176035,-0.389782,-0.200392,-0.378665,2.088616,-1.026291,-0.460782
1020,-0.21163,-0.18288,0.544542,-0.347427,-0.259596,-0.213743,-0.218324,-0.389782,-0.200392,-0.378665,-0.478786,0.974382,-0.460782
1115,0.166399,-0.246303,0.279183,-0.403852,-0.425063,-0.283195,-0.688197,-0.389782,-0.377306,-0.378665,-0.478786,0.974382,-0.460782
680,1.407815,-0.238672,2.032652,-0.065303,-0.325783,-0.147284,-0.960724,-0.389782,-0.023477,2.640859,-0.478786,-1.026291,-0.460782
1025,-0.810707,-0.156229,1.75293,-0.403852,-0.127222,-0.286787,-0.373382,-0.389782,-0.333078,2.640859,-0.478786,-1.026291,-0.460782
361,0.26618,-0.158227,-0.928283,-0.556199,-0.259596,-0.14908,0.69793,-0.389782,-0.288849,-0.378665,-0.478786,-1.026291,2.170225
1348,-0.904102,-0.237019,0.313619,-0.268433,-0.226502,-0.364622,-0.60362,-0.389782,-0.333078,2.640859,-0.478786,-1.026291,-0.460782
1389,0.492552,-0.297943,-0.046393,-0.432064,-0.160315,-0.34666,-1.280238,-0.389782,-0.24462,2.640859,-0.478786,-1.026291,-0.460782
1328,0.267729,-0.170836,-0.199881,-0.245863,-0.094129,-0.204762,0.166973,-0.389782,-0.156163,2.640859,-0.478786,-1.026291,-0.460782
265,0.088199,-0.175296,-0.971558,-0.3305,-0.292689,-0.287985,0.599257,-0.389782,-0.24462,-0.378665,-0.478786,-1.026291,2.170225
37,-0.453003,-0.240816,1.078299,-0.471562,0.005152,-0.390367,-0.824461,-0.389782,-0.156163,-0.378665,-0.478786,0.974382,-0.460782
1479,1.1256,-0.172643,0.073673,-0.409495,-0.127222,-0.299959,0.030709,-0.389782,-0.200392,-0.378665,-0.478786,0.974382,-0.460782
1714,-1.544408,0.001318,-1.487637,0.730286,6.061254,4.949679,1.872615,2.565534,4.974363,-0.378665,-0.478786,0.974382,-0.460782
743,0.942683,-0.190029,-0.406865,-0.087873,-0.127222,-0.291577,0.119985,-0.389782,-0.24462,-0.378665,-0.478786,0.974382,-0.460782
790,-1.239353,-0.233104,0.228266,-0.364355,-0.425063,-0.220329,-0.537838,-0.389782,-0.200392,-0.378665,-0.478786,0.974382,-0.460782
1663,-1.465725,0.09299,-1.951509,2.101409,2.255507,2.94574,2.436463,-0.389782,0.551496,-0.378665,-0.478786,-1.026291,2.170225
1746,0.726957,-0.2387,-1.988154,-0.183795,-0.160315,0.098194,1.167804,2.565534,-0.023477,-0.378665,-0.478786,-1.026291,2.170225
552,-0.18937,-0.244586,0.926652,-0.116086,-0.160315,-0.157462,-0.82916,-0.389782,-0.24462,-0.378665,-0.478786,0.974382,-0.460782
319,-0.082427,-0.238918,0.12017,-0.347427,-0.292689,-0.252061,-0.56603,-0.389782,-0.24462,-0.378665,-0.478786,0.974382,-0.460782
208,-0.537396,-0.251753,0.057836,-0.364355,-0.292689,-0.350851,-0.683499,-0.389782,-0.156163,-0.378665,-0.478786,0.974382,-0.460782
486,0.601722,-0.207697,-0.48301,-0.35307,-0.259596,-0.146086,0.002517,-0.389782,-0.200392,-0.378665,-0.478786,0.974382,-0.460782
1765,-1.544311,-0.174369,-1.921492,2.620517,4.075647,4.673666,1.647075,2.565534,5.195507,-0.378665,-0.478786,0.974382,-0.460782
528,-0.525008,-0.249246,1.400284,-0.324857,-0.094129,-0.334087,-0.956025,-0.389782,-0.24462,2.640859,-0.478786,-1.026291,-0.460782
1809,-1.769522,0.7055,-1.942485,2.31018,1.196516,2.471548,2.755977,-0.389782,1.391841,-0.378665,-0.478786,0.974382,-0.460782
1600,-0.993237,-0.221595,0.799313,-0.488489,-0.39197,-0.306545,-0.598921,-0.389782,-0.377306,-0.378665,-0.478786,0.974382,-0.460782
1835,-1.432141,0.692584,-1.998835,1.836212,2.123133,2.15063,2.774772,-0.389782,1.08224,-0.378665,-0.478786,-1.026291,2.170225
751,-0.609983,-0.130704,-1.003692,-0.443349,-0.193409,-0.147284,0.932867,-0.389782,-0.288849,-0.378665,-0.478786,0.974382,-0.460782
1529,-1.54373,-0.22313,-0.433014,-0.274075,-0.226502,-0.314329,-0.176035,-0.389782,-0.377306,-0.378665,-0.478786,0.974382,-0.460782
969,-0.26786,-0.192418,0.001947,-0.234578,-0.259596,-0.314329,-0.091458,-0.389782,-0.333078,-0.378665,2.088616,-1.026291,-0.460782
785,0.60598,-0.250654,-0.362761,-0.471562,-0.292689,-0.173029,-0.523742,-0.389782,-0.333078,-0.378665,2.088616,-1.026291,-0.460782
484,0.067585,-0.257366,-0.35871,-0.048376,-0.292689,-0.202966,-0.608319,-0.389782,-0.067706,-0.378665,-0.478786,-1.026291,2.170225
942,0.94336,-0.213565,1.183724,-0.291002,-0.193409,-0.138303,-0.622415,-0.389782,-0.377306,-0.378665,-0.478786,0.974382,-0.460782
264,0.535426,-0.212984,0.255428,-0.19508,-0.259596,-0.277806,-0.363985,-0.389782,-0.377306,-0.378665,-0.478786,0.974382,-0.460782
610,-0.570496,-0.109039,0.019809,-0.008879,-0.292689,-0.241883,0.458295,-0.389782,-0.200392,-0.378665,-0.478786,-1.026291,2.170225
135,-0.728153,-0.221795,0.779977,-0.37564,-0.193409,-0.255654,-0.594223,-0.389782,-0.067706,-0.378665,-0.478786,0.974382,-0.460782
1276,0.723763,-0.228053,1.204717,-0.30793,-0.425063,-0.190392,-0.739884,-0.389782,-0.200392,-0.378665,-0.478786,-1.026291,2.170225
1333,0.239565,-0.222349,1.003811,-0.065303,-0.358876,-0.138902,-0.650608,-0.389782,-0.288849,-0.378665,-0.478786,0.974382,-0.460782
219,-0.76522,-0.264779,-0.051825,-0.3305,-0.226502,-0.199972,-0.805666,-0.389782,-0.200392,-0.378665,-0.478786,-1.026291,2.170225
1281,-0.238148,-0.228489,0.826291,-0.381282,-0.160315,-0.334685,-0.660005,-0.389782,-0.24462,-0.378665,-0.478786,0.974382,-0.460782
569,0.707988,-0.223748,-0.164248,-0.37564,-0.193409,-0.286189,-0.302901,-0.389782,-0.288849,-0.378665,-0.478786,-1.026291,2.170225
855,0.842321,-0.193826,0.80318,-0.443349,-0.325783,-0.195781,-0.378081,2.565534,-0.333078,-0.378665,-0.478786,0.974382,-0.460782
424,-0.62208,-0.305128,0.092088,-0.223293,-0.160315,-0.272418,-1.411803,-0.389782,-0.288849,2.640859,-0.478786,-1.026291,-0.460782
1078,0.20937,-0.225519,1.424684,-0.200723,-0.094129,-0.324507,-0.763377,-0.389782,-0.156163,-0.378665,-0.478786,0.974382,-0.460782
1594,-0.800255,-0.222413,0.479077,-0.279717,-0.458157,-0.277806,-0.514344,-0.389782,-0.24462,-0.378665,-0.478786,-1.026291,2.170225
1828,-1.413946,0.325159,-2.100117,4.804156,2.586441,3.20918,2.718387,-0.389782,1.303383,-0.378665,-0.478786,-1.026291,2.170225
1097,0.30257,-0.157137,0.27329,-0.443349,0.005152,-0.204762,0.058902,2.565534,-0.156163,-0.378665,-0.478786,0.974382,-0.460782
1283,0.867097,-0.238482,-0.418558,-0.155583,-0.292689,-0.063462,-0.354587,-0.389782,-0.200392,-0.378665,2.088616,-1.026291,-0.460782
662,-0.061232,-0.255395,-0.507042,-0.302287,-0.193409,-0.212545,-0.523742,-0.389782,-0.333078,-0.378665,-0.478786,-1.026291,2.170225
1552,-0.142915,-0.208851,0.553105,-0.313572,-0.226502,-0.222125,-0.420369,-0.389782,-0.24462,-0.378665,-0.478786,0.974382,-0.460782
870,0.661823,-0.249473,-0.502899,-0.578769,-0.127222,-0.233501,-0.448562,-0.389782,-0.200392,-0.378665,-0.478786,0.974382,-0.460782
1232,-0.094331,-0.21015,2.258327,-0.296645,0.038245,-0.2808,-0.796268,-0.389782,-0.377306,-0.378665,-0.478786,0.974382,-0.460782
716,0.472228,-0.204336,0.248338,-0.234578,-0.458157,-0.240685,-0.284106,-0.389782,-0.288849,-0.378665,-0.478786,-1.026291,2.170225
933,0.599689,-0.149335,0.660556,-0.268433,-0.292689,-0.183806,-0.030374,-0.389782,-0.333078,-0.378665,-0.478786,0.974382,-0.460782
1771,-1.526987,-0.119967,-1.967622,2.637444,3.943273,2.987052,1.994782,-0.389782,5.328193,-0.378665,-0.478786,0.974382,-0.460782
1121,-1.134829,-0.22264,0.562313,-0.386925,0.071339,-0.244876,-0.542537,-0.389782,-0.288849,-0.378665,-0.478786,0.974382,-0.460782
320,-0.327865,-0.239063,-0.009102,-0.144298,-0.358876,-0.223322,-0.523742,-0.389782,-0.24462,-0.378665,-0.478786,0.974382,-0.460782
1108,0.450452,-0.211031,-0.266819,-0.432064,-0.425063,-0.204163,-0.138445,2.565534,-0.24462,-0.378665,-0.478786,0.974382,-0.460782
588,0.547331,-0.29173,0.059309,-0.228935,-0.226502,-0.33708,-1.20036,-0.389782,-0.200392,-0.378665,-0.478786,-1.026291,2.170225
517,0.236178,-0.19924,-0.602892,-0.511059,-0.160315,-0.150278,0.148178,-0.389782,-0.111934,-0.378665,-0.478786,-1.026291,2.170225
1208,0.108426,-0.242042,0.771506,-0.296645,0.005152,-0.117946,-0.772775,-0.389782,-0.288849,-0.378665,-0.478786,0.974382,-0.460782
1512,-0.005679,-0.225719,-0.555289,-0.17251,-0.127222,-0.240685,-0.143144,-0.389782,-0.200392,-0.378665,-0.478786,0.974382,-0.460782
1378,1.494725,-0.199068,-0.73419,-0.347427,-0.160315,-0.25266,0.228056,-0.389782,-0.156163,-0.378665,-0.478786,0.974382,-0.460782
263,-0.304056,-0.236647,-0.049339,-0.437707,-0.425063,-0.160456,-0.481453,-0.389782,-0.156163,2.640859,-0.478786,-1.026291,-0.460782
496,-0.911747,-0.235384,-1.319693,-0.35307,-0.160315,-0.315526,0.279743,-0.389782,-0.111934,-0.378665,-0.478786,-1.026291,2.170225
1178,-0.55414,-0.202329,0.381018,-0.381282,-0.358876,-0.304749,-0.312298,-0.389782,-0.200392,2.640859,-0.478786,-1.026291,-0.460782
1540,0.552847,-0.182381,-0.420216,-0.228935,-0.49125,-0.24308,0.190467,-0.389782,-0.111934,-0.378665,-0.478786,0.974382,-0.460782
1501,0.07223,-0.210831,0.513789,-0.567484,-0.259596,-0.267628,-0.425068,-0.389782,-0.24462,-0.378665,-0.478786,0.974382,-0.460782
1197,-0.607369,-0.186741,1.42275,-0.245863,-0.292689,-0.131717,-0.486152,-0.389782,-0.24462,2.640859,-0.478786,-1.026291,-0.460782
1820,2.542965,5.399268,-1.462132,0.386095,-0.458157,-0.456826,2.920433,-0.389782,-0.377306,-0.378665,2.088616,-1.026291,-0.460782
441,0.340992,-0.212902,0.642878,-0.104801,-0.325783,-0.335284,-0.481453,2.565534,-0.200392,2.640859,-0.478786,-1.026291,-0.460782
1584,-0.021164,-0.220205,0.262057,-0.443349,-0.425063,-0.275412,-0.429767,-0.389782,-0.377306,-0.378665,2.088616,-1.026291,-0.460782
73,0.284666,-0.179683,0.934755,-0.21765,-0.226502,-0.299361,-0.316997,-0.389782,-0.377306,2.640859,-0.478786,-1.026291,-0.460782
474,-0.708893,-0.211721,1.777698,-0.279717,0.137526,-0.240685,-0.730486,-0.389782,-0.288849,2.640859,-0.478786,-1.026291,-0.460782
1177,0.584301,-0.242633,-0.570666,-0.251505,-0.39197,-0.201768,-0.331093,2.565534,-0.111934,-0.378665,-0.478786,0.974382,-0.460782
873,0.443484,-0.210041,0.646285,-0.228935,-0.358876,-0.183806,-0.457959,-0.389782,-0.24462,-0.378665,2.088616,-1.026291,-0.460782
1436,-1.261032,-0.198886,0.16851,-0.409495,-0.39197,-0.240685,-0.208926,-0.389782,-0.333078,-0.378665,-0.478786,0.974382,-0.460782
911,-0.013615,-0.217498,-0.473066,-0.223293,-0.259596,-0.306545,-0.100855,-0.389782,-0.200392,-0.378665,-0.478786,-1.026291,2.170225
584,0.983331,-0.217998,-0.825712,-0.24022,-0.259596,-0.293373,0.096492,2.565534,-0.333078,2.640859,-0.478786,-1.026291,-0.460782
1514,0.219532,-0.244867,0.409193,-0.014521,-0.325783,-0.149679,-0.711691,-0.389782,-0.288849,-0.378665,-0.478786,0.974382,-0.460782
954,0.825674,-0.24147,-0.293797,-0.358712,-0.458157,-0.320915,-0.439164,-0.389782,-0.333078,-0.378665,2.088616,-1.026291,-0.460782
452,0.085392,-0.160053,0.407996,-0.522344,-0.259596,-0.273017,-0.011579,-0.389782,-0.24462,-0.378665,2.088616,-1.026291,-0.460782
1473,0.779219,-0.18586,1.724387,-0.116086,-0.226502,-0.304749,-0.547235,-0.389782,-0.200392,-0.378665,-0.478786,-1.026291,2.170225
952,1.314034,-0.282128,2.078966,-0.104801,-0.027942,-0.24308,-1.317828,-0.389782,-0.200392,-0.378665,2.088616,-1.026291,-0.460782
1572,0.565622,-0.168092,0.425582,-0.460277,-0.127222,-0.298163,-0.072663,-0.389782,-0.200392,-0.378665,-0.478786,0.974382,-0.460782
372,-0.592949,-0.244931,0.373468,-0.189438,-0.127222,-0.352647,-0.702294,-0.389782,-0.24462,-0.378665,-0.478786,0.974382,-0.460782
762,-0.423678,-0.242206,0.337927,-0.381282,-0.193409,-0.220329,-0.664704,-0.389782,-0.111934,-0.378665,-0.478786,-1.026291,2.170225
1687,-1.557473,-0.109875,-1.862472,2.253755,4.572048,4.215041,1.89141,2.565534,5.682022,-0.378665,-0.478786,0.974382,-0.460782
766,-1.04879,-0.203664,-0.116185,-0.070946,-0.358876,-0.402342,-0.138445,-0.389782,-0.333078,-0.378665,-0.478786,0.974382,-0.460782
83,0.603948,-0.242933,0.371902,-0.35307,-0.325783,-0.220329,-0.6788,-0.389782,-0.333078,-0.378665,-0.478786,-1.026291,2.170225
438,0.098942,-0.277441,0.639379,-0.28536,-0.325783,-0.293373,-1.111084,-0.389782,-0.288849,-0.378665,2.088616,-1.026291,-0.460782
1155,-1.406785,-0.286716,-0.734098,-0.369997,-0.061035,-0.263437,-0.918436,2.565534,-0.288849,-0.378665,-0.478786,0.974382,-0.460782
323,0.210821,-0.242569,0.458176,-0.24022,-0.160315,-0.206558,-0.702294,-0.389782,-0.333078,-0.378665,-0.478786,0.974382,-0.460782
1850,3.752443,5.751804,-2.518965,0.222463,-0.59053,-0.401743,3.00501,-0.389782,-0.377306,-0.378665,2.088616,-1.026291,-0.460782
673,-0.207081,-0.28667,0.273014,-0.065303,-0.425063,-0.266431,-1.167469,-0.389782,-0.111934,-0.378665,-0.478786,0.974382,-0.460782
836,-0.778189,-0.227763,0.036843,-0.522344,-0.292689,-0.120341,-0.425068,-0.389782,-0.200392,-0.378665,2.088616,-1.026291,-0.460782
112,-1.481887,-0.249128,-1.216477,-0.35307,-0.458157,-0.299959,-0.00688,-0.389782,-0.111934,-0.378665,2.088616,-1.026291,-0.460782
827,0.031292,-0.301304,0.177809,-0.116086,-0.259596,-0.190991,-1.360117,-0.389782,-0.200392,-0.378665,2.088616,-1.026291,-0.460782
475,-0.00055,-0.236002,-1.546288,-0.257148,-0.458157,-0.288583,0.509981,-0.389782,-0.288849,-0.378665,-0.478786,0.974382,-0.460782
970,0.017065,-0.225546,0.18407,-0.386925,-0.193409,-0.193386,-0.453261,-0.389782,-0.200392,-0.378665,-0.478786,0.974382,-0.460782
1728,-1.713679,0.348604,-2.229574,7.365841,1.990759,3.746238,2.807663,-0.389782,1.214926,-0.378665,-0.478786,0.974382,-0.460782
934,0.510457,-0.142522,1.113287,-0.477204,-0.292689,-0.31373,-0.129048,-0.389782,-0.333078,-0.378665,-0.478786,-1.026291,2.170225
2,0.331314,-0.197905,-0.618544,-0.19508,-0.358876,-0.277208,0.166973,-0.389782,-0.377306,-0.378665,-0.478786,-1.026291,2.170225
381,-0.456971,-0.145356,0.775926,-0.200723,-0.193409,-0.216736,-0.04447,-0.389782,-0.377306,-0.378665,-0.478786,-1.026291,2.170225
1515,1.110115,-0.204481,0.594447,-0.505417,-0.259596,-0.331692,-0.401574,-0.389782,-0.24462,-0.378665,-0.478786,0.974382,-0.460782
119,0.182174,-0.230415,2.582706,-0.465919,-0.094129,-0.260443,-0.97482,-0.389782,-0.067706,-0.378665,-0.478786,0.974382,-0.460782
94,-1.182155,-0.220614,-0.748922,-0.409495,-0.292689,-0.314329,0.021312,-0.389782,-0.200392,-0.378665,2.088616,-1.026291,-0.460782
900,-0.204081,-0.2272,-0.307885,-0.155583,-0.193409,-0.203564,-0.279407,2.565534,-0.156163,-0.378665,2.088616,-1.026291,-0.460782
1223,-1.033402,-0.225546,1.103527,-0.178153,0.038245,-0.141895,-0.702294,-0.389782,-0.288849,-0.378665,-0.478786,0.974382,-0.460782
715,1.052143,-0.191964,-0.617716,-0.24022,-0.160315,-0.245475,0.218659,-0.389782,-0.24462,2.640859,-0.478786,-1.026291,-0.460782
1255,-0.72825,-0.200793,0.474934,-0.347427,-0.259596,-0.298762,-0.331093,-0.389782,-0.067706,-0.378665,-0.478786,0.974382,-0.460782
1437,0.089457,-0.206671,0.272094,-0.505417,-0.094129,-0.136507,-0.312298,-0.389782,-0.156163,-0.378665,2.088616,-1.026291,-0.460782
1179,-0.311799,-0.225674,-0.202643,-0.369997,-0.39197,-0.256252,-0.3076,-0.389782,-0.288849,-0.378665,2.088616,-1.026291,-0.460782
806,-0.299991,-0.20529,0.554486,-0.26279,-0.425063,-0.246673,-0.392177,-0.389782,-0.067706,2.640859,-0.478786,-1.026291,-0.460782
61,0.800221,-0.178866,0.233606,-0.26279,-0.39197,-0.354443,-0.077362,-0.389782,-0.200392,-0.378665,-0.478786,0.974382,-0.460782
1304,-0.115236,-0.212611,-0.356224,-0.35307,-0.325783,-0.216138,-0.110253,-0.389782,-0.24462,-0.378665,-0.478786,0.974382,-0.460782
1254,-0.051457,-0.284972,-0.164432,-0.099158,-0.094129,-0.193985,-1.054699,-0.389782,-0.156163,-0.378665,-0.478786,0.974382,-0.460782
7,-0.206597,-0.24236,-0.676551,0.047546,-0.127222,-0.150876,-0.27001,-0.389782,-0.377306,-0.378665,2.088616,-1.026291,-0.460782
1052,0.256696,-0.236665,-0.109648,-0.274075,-0.127222,-0.170634,-0.462658,-0.389782,-0.24462,-0.378665,-0.478786,-1.026291,2.170225
1648,1.856591,-0.183498,-0.189292,0.070116,0.137526,-0.091004,0.063601,2.565534,-0.200392,-0.378665,-0.478786,-1.026291,2.170225
814,0.279343,-0.208269,-1.509182,-0.200723,-0.358876,-0.150278,0.796604,-0.389782,-0.111934,-0.378665,-0.478786,0.974382,-0.460782
556,-0.358544,-0.287079,-0.497558,-0.257148,-0.160315,-0.410125,-1.003013,-0.389782,-0.156163,-0.378665,2.088616,-1.026291,-0.460782
1090,-0.090943,-0.298488,0.6705,-0.35307,-0.425063,-0.346061,-1.374213,-0.389782,-0.288849,-0.378665,-0.478786,-1.026291,2.170225
1789,-1.561248,-0.105615,-2.361609,1.881352,3.281404,4.115054,2.6714,2.565534,5.814708,-0.378665,-0.478786,0.974382,-0.460782
430,-1.219996,-0.226646,-0.560998,-0.076588,0.038245,-0.1868,-0.147843,-0.389782,-0.24462,-0.378665,-0.478786,0.974382,-0.460782
1815,5.090738,3.838933,-1.574647,0.538442,-0.458157,-0.40294,2.901638,2.565534,-0.288849,-0.378665,-0.478786,0.974382,-0.460782
1169,-0.153755,-0.205472,-0.074015,-0.144298,-0.259596,-0.156265,-0.171336,-0.389782,-0.156163,-0.378665,-0.478786,0.974382,-0.460782
247,-0.520073,-0.314048,-0.767337,-0.178153,-0.226502,-0.145488,-1.49638,-0.389782,-0.333078,-0.378665,-0.478786,0.974382,-0.460782
1211,-0.533428,-0.228844,0.278631,-0.200723,-0.027942,-0.156864,-0.514344,-0.389782,-0.288849,-0.378665,-0.478786,0.974382,-0.460782
1238,-0.522395,-0.232087,0.560011,-0.471562,-0.061035,-0.213144,-0.627114,-0.389782,-0.200392,2.640859,-0.478786,-1.026291,-0.460782
269,0.205692,-0.202047,1.586367,-0.24022,-0.425063,-0.292176,-0.627114,-0.389782,-0.288849,-0.378665,2.088616,-1.026291,-0.460782
706,-1.745713,-0.238718,0.606601,-0.138656,-0.259596,-0.234099,-0.702294,-0.389782,-0.111934,-0.378665,-0.478786,0.974382,-0.460782
165,0.145784,-0.139324,0.448693,-0.443349,-0.127222,-0.234099,0.105889,-0.389782,-0.24462,-0.378665,-0.478786,0.974382,-0.460782
188,-0.246471,-0.190365,0.051114,-0.409495,-0.325783,-0.322711,-0.096156,-0.389782,-0.156163,-0.378665,-0.478786,0.974382,-0.460782
1651,-0.923845,-0.206807,-1.076155,-0.347427,-0.061035,-0.248469,0.397211,2.565534,-0.023477,-0.378665,-0.478786,-1.026291,2.170225
1136,0.081134,-0.210222,0.386082,-0.369997,0.005152,-0.259845,-0.382779,-0.389782,-0.111934,-0.378665,2.088616,-1.026291,-0.460782
668,0.377866,-0.203773,-0.5389,-0.14994,-0.425063,-0.368214,0.068299,-0.389782,-0.288849,-0.378665,-0.478786,0.974382,-0.460782
1547,0.101458,-0.253542,0.383412,-0.369997,-0.127222,-0.211946,-0.79157,-0.389782,-0.377306,-0.378665,-0.478786,0.974382,-0.460782
984,-0.072265,-0.21481,0.310673,-0.268433,-0.358876,-0.321513,-0.396876,-0.389782,-0.200392,-0.378665,-0.478786,0.974382,-0.460782
1814,-1.614671,0.726684,-2.035573,5.802875,2.652628,3.380415,2.798266,-0.389782,1.170697,-0.378665,-0.478786,-1.026291,2.170225
1490,-0.286829,-0.275952,0.158565,-0.24022,-0.160315,-0.238889,-1.003013,-0.389782,-0.24462,-0.378665,2.088616,-1.026291,-0.460782
1640,-1.352877,-0.318826,-2.0248,0.538442,2.354787,5.238864,-1.444694,2.565534,4.841677,-0.378665,-0.478786,0.974382,-0.460782
1346,-0.476618,-0.209868,0.821871,-0.020163,-0.226502,-0.302953,-0.504947,-0.389782,-0.200392,-0.378665,2.088616,-1.026291,-0.460782
807,0.145978,-0.24821,1.067342,-0.251505,-0.259596,-0.235297,-0.890243,-0.389782,-0.156163,-0.378665,2.088616,-1.026291,-0.460782
1632,-1.269452,0.441966,-2.033455,2.411745,1.593638,2.845752,2.723086,-0.389782,1.214926,-0.378665,-0.478786,0.974382,-0.460782
1037,0.472518,-0.20668,-0.502899,-0.200723,-0.226502,-0.210749,0.021312,-0.389782,-0.200392,-0.378665,-0.478786,0.974382,-0.460782
909,1.177862,-0.221123,-0.320683,-0.302287,-0.127222,-0.315526,-0.208926,-0.389782,-0.24462,-0.378665,-0.478786,-1.026291,2.170225
336,0.404481,-0.265315,0.404036,-0.206365,-0.259596,-0.306545,-0.927833,-0.389782,-0.377306,2.640859,-0.478786,-1.026291,-0.460782
1766,3.863549,2.677779,-1.05194,0.656934,-0.59053,-0.422698,2.788868,-0.389782,-0.377306,-0.378665,-0.478786,0.974382,-0.460782
574,0.17627,-0.187359,-0.448575,-0.223293,-0.425063,-0.336482,0.162274,-0.389782,-0.288849,-0.378665,2.088616,-1.026291,-0.460782
1014,-0.219856,-0.233985,1.772081,-0.392567,-0.226502,-0.244278,-0.890243,2.565534,-0.333078,-0.378665,-0.478786,0.974382,-0.460782
516,-1.09931,-0.20004,0.817267,-0.161225,-0.094129,-0.188596,-0.429767,-0.389782,-0.156163,2.640859,-0.478786,-1.026291,-0.460782
1797,-1.623285,-0.091217,-1.581645,1.006768,5.366291,3.770785,1.651774,2.565534,4.797449,-0.378665,-0.478786,0.974382,-0.460782
1152,-1.007271,-0.19706,0.535703,-0.403852,-0.226502,-0.241284,-0.321696,-0.389782,-0.288849,-0.378665,-0.478786,0.974382,-0.460782
886,-1.009303,-0.157374,-0.303833,-0.21765,-0.226502,-0.175424,0.317332,-0.389782,-0.24462,2.640859,-0.478786,-1.026291,-0.460782
1505,0.01029,-0.247856,-0.597828,-0.268433,-0.259596,-0.183806,-0.382779,-0.389782,-0.156163,-0.378665,-0.478786,0.974382,-0.460782
1045,0.059068,-0.209387,-0.47546,-0.268433,-0.094129,-0.348456,-0.016278,-0.389782,-0.333078,-0.378665,-0.478786,0.974382,-0.460782
1734,3.567784,3.771014,-0.713473,1.119617,-0.524343,-0.4221,2.807663,-0.389782,-0.333078,-0.378665,2.088616,-1.026291,-0.460782
1630,-1.481694,-0.009919,-1.966425,1.700793,4.505862,6.686586,2.295501,-0.389782,4.620534,-0.378665,-0.478786,0.974382,-0.460782
217,0.277117,-0.225537,1.025724,-0.257148,-0.524343,-0.255654,-0.683499,-0.389782,-0.24462,-0.378665,-0.478786,0.974382,-0.460782
176,0.13417,-0.181136,0.234987,-0.448992,-0.193409,-0.261042,-0.096156,-0.389782,-0.333078,2.640859,-0.478786,-1.026291,-0.460782
1645,-1.503373,0.486267,-2.047727,3.410464,3.380684,2.169191,2.74658,-0.389782,1.436069,-0.378665,-0.478786,-1.026291,2.170225
1503,-0.679278,-0.214546,0.409193,-0.178153,-0.259596,-0.325705,-0.425068,2.565534,-0.200392,-0.378665,-0.478786,0.974382,-0.460782
1225,-0.271344,-0.208006,-1.074037,-0.623909,-0.425063,-0.225118,0.383115,2.565534,-0.200392,-0.378665,-0.478786,-1.026291,2.170225
420,0.463905,-0.240889,0.238855,-0.324857,-0.292689,-0.240087,-0.622415,-0.389782,-0.24462,-0.378665,2.088616,-1.026291,-0.460782
351,0.32783,-0.239853,0.538189,-0.17251,-0.325783,-0.335883,-0.692896,-0.389782,-0.156163,-0.378665,-0.478786,0.974382,-0.460782
1210,-0.400547,-0.207334,0.531836,-0.488489,-0.127222,-0.246673,-0.401574,-0.389782,-0.156163,-0.378665,2.088616,-1.026291,-0.460782
722,-0.617725,-0.198777,-0.204577,-0.319215,-0.127222,-0.316125,-0.053868,-0.389782,-0.111934,-0.378665,2.088616,-1.026291,-0.460782
948,-1.145087,-0.222367,-0.870553,-0.403852,-0.59053,-0.249666,0.082396,-0.389782,-0.288849,-0.378665,-0.478786,0.974382,-0.460782
225,-1.47066,-0.223257,0.46987,-0.183795,0.005152,-0.286189,-0.519043,-0.389782,-0.200392,2.640859,-0.478786,-1.026291,-0.460782
409,-0.009066,-0.249727,1.543736,-0.381282,-0.127222,-0.266431,-0.979519,-0.389782,-0.24462,-0.378665,-0.478786,0.974382,-0.460782
1379,0.398868,-0.219842,-0.853887,-0.17251,-0.292689,-0.296367,0.096492,-0.389782,-0.24462,-0.378665,2.088616,-1.026291,-0.460782
1360,0.166302,-0.218379,-0.567627,-0.245863,-0.127222,-0.295169,-0.058567,2.565534,-0.24462,-0.378665,-0.478786,0.974382,-0.460782
1538,0.301796,-0.208206,0.101019,-0.584411,-0.160315,-0.269424,-0.265311,-0.389782,-0.156163,-0.378665,-0.478786,0.974382,-0.460782
752,0.380576,-0.138816,0.749961,-0.070946,-0.094129,-0.165844,0.002517,-0.389782,-0.200392,-0.378665,-0.478786,-1.026291,2.170225
961,-0.68073,-0.249218,-0.005419,-0.28536,-0.226502,-0.253857,-0.636511,-0.389782,-0.111934,-0.378665,-0.478786,0.974382,-0.460782
1465,0.39819,-0.204681,-0.594052,-0.544914,-0.425063,-0.109564,0.091793,-0.389782,-0.333078,-0.378665,-0.478786,0.974382,-0.460782
589,-0.128011,-0.209359,-0.220966,-0.454634,-0.061035,-0.349654,-0.143144,-0.389782,-0.24462,-0.378665,2.088616,-1.026291,-0.460782
728,-0.465004,-0.185796,-0.327681,-0.054018,-0.226502,-0.223921,0.115287,-0.389782,-0.333078,-0.378665,-0.478786,0.974382,-0.460782
1701,3.287795,8.121111,-1.553102,1.260679,-0.49125,-0.398749,2.953324,2.565534,-0.333078,-0.378665,-0.478786,0.974382,-0.460782
851,-0.031036,-0.255831,-0.478591,-0.386925,-0.127222,-0.248469,-0.542537,-0.389782,-0.111934,-0.378665,-0.478786,0.974382,-0.460782
1719,3.174561,5.040018,-1.54371,1.396099,-0.557437,-0.461616,2.920433,-0.389782,-0.377306,-0.378665,2.088616,-1.026291,-0.460782
1541,0.260857,-0.217916,-1.768741,-0.234578,-0.358876,-0.283195,1.031541,-0.389782,-0.24462,2.640859,-0.478786,-1.026291,-0.460782
1520,-1.127086,-0.175595,-0.667988,-0.409495,-0.193409,-0.198774,0.387813,-0.389782,-0.111934,2.640859,-0.478786,-1.026291,-0.460782
1113,0.509876,-0.178793,0.281209,-0.070946,-0.259596,-0.25266,-0.096156,-0.389782,-0.24462,-0.378665,-0.478786,0.974382,-0.460782
976,1.484079,-0.221577,-1.106448,-0.138656,-0.259596,-0.338877,0.260948,-0.389782,-0.200392,2.640859,-0.478786,-1.026291,-0.460782
1417,0.149946,-0.301549,-0.254297,-0.274075,-0.027942,-0.300558,-1.308431,-0.389782,-0.24462,-0.378665,-0.478786,0.974382,-0.460782
1154,1.033658,-0.215436,-1.210676,-0.228935,-0.358876,-0.176023,0.420705,-0.389782,-0.24462,-0.378665,-0.478786,0.974382,-0.460782
1568,-0.010905,-0.172952,0.492704,-0.251505,-0.160315,-0.246673,-0.129048,-0.389782,-0.200392,-0.378665,-0.478786,0.974382,-0.460782
3,-1.081696,-0.146864,0.295296,-0.420779,-0.292689,-0.315526,0.115287,-0.389782,-0.156163,-0.378665,-0.478786,0.974382,-0.460782
1758,-0.348673,-0.223821,1.543,-0.336142,-0.193409,0.066462,-0.772775,2.565534,-0.111934,-0.378665,-0.478786,0.974382,-0.460782
1683,-1.365072,0.389253,-2.30351,4.770301,3.446871,3.005612,2.864048,-0.389782,0.463038,-0.378665,-0.478786,-1.026291,2.170225
1114,-0.001808,-0.25803,0.750882,-0.674691,-0.39197,-0.232902,-0.923134,-0.389782,-0.200392,-0.378665,-0.478786,0.974382,-0.460782
1340,0.544814,-0.204618,-0.333665,-0.403852,-0.425063,-0.25745,-0.04447,2.565534,-0.067706,-0.378665,-0.478786,0.974382,-0.460782
1082,-0.285474,-0.208932,1.334358,-0.206365,-0.127222,-0.213144,-0.622415,-0.389782,-0.156163,-0.378665,-0.478786,0.974382,-0.460782
47,-0.505459,-0.263507,0.678787,-0.358712,-0.49125,-0.26224,-0.965423,-0.389782,-0.24462,-0.378665,-0.478786,0.974382,-0.460782
856,-0.564399,-0.145601,-0.024571,-0.26279,-0.259596,-0.362826,0.260948,-0.389782,-0.023477,-0.378665,-0.478786,0.974382,-0.460782
854,-0.76251,-0.204282,0.997457,-0.257148,-0.127222,-0.357437,-0.509645,-0.389782,-0.24462,2.640859,-0.478786,-1.026291,-0.460782
1673,4.891562,4.87505,-1.770674,1.10269,-0.49125,-0.462813,2.939228,2.565534,-0.333078,-0.378665,-0.478786,0.974382,-0.460782
382,-0.660309,-0.155902,0.378163,-0.110443,-0.193409,-0.358036,0.026011,-0.389782,0.020752,-0.378665,-0.478786,0.974382,-0.460782
301,-0.023584,-0.212021,1.357285,-0.082231,-0.259596,-0.311335,-0.650608,-0.389782,-0.067706,-0.378665,-0.478786,0.974382,-0.460782
698,0.368672,-0.189493,1.14579,-0.268433,-0.358876,-0.21015,-0.439164,-0.389782,-0.333078,2.640859,-0.478786,-1.026291,-0.460782
1412,0.484326,-0.183952,0.62124,-0.234578,-0.127222,-0.253857,-0.251215,-0.389782,-0.200392,-0.378665,-0.478786,0.974382,-0.460782
567,0.468744,-0.246675,-0.816044,-0.21765,-0.127222,-0.153271,-0.251215,-0.389782,-0.24462,-0.378665,-0.478786,0.974382,-0.460782
844,-0.307831,-0.158346,-0.533652,-0.313572,-0.226502,-0.244876,0.434801,-0.389782,-0.377306,-0.378665,-0.478786,0.974382,-0.460782
108,0.232791,-0.17922,0.67713,-0.35307,-0.027942,-0.204163,-0.237119,-0.389782,-0.288849,-0.378665,-0.478786,0.974382,-0.460782
1616,2.0247,6.081704,-0.749935,0.640007,-0.458157,-0.423297,2.878144,2.565534,-0.377306,-0.378665,2.088616,-1.026291,-0.460782
939,-0.563915,-0.203364,-0.481169,-0.403852,-0.226502,-0.160456,0.040107,-0.389782,-0.156163,-0.378665,2.088616,-1.026291,-0.460782
1016,-0.366287,-0.202465,0.340321,-0.21765,-0.524343,-0.228711,-0.302901,-0.389782,-0.288849,-0.378665,-0.478786,0.974382,-0.460782
376,-1.769522,-0.233013,0.142729,-0.161225,-0.425063,-0.12094,-0.509645,-0.389782,-0.24462,-0.378665,2.088616,-1.026291,-0.460782
749,-1.393332,-0.283073,0.739741,-0.104801,-0.193409,-0.220329,-1.190962,-0.389782,-0.24462,-0.378665,-0.478786,0.974382,-0.460782
739,-0.097331,-0.209141,0.619951,-0.612624,-0.226502,-0.196978,-0.443863,-0.389782,-0.200392,2.640859,-0.478786,-1.026291,-0.460782
1214,-0.104009,-0.189303,0.181216,-0.059661,-0.127222,-0.31373,-0.138445,-0.389782,-0.156163,-0.378665,-0.478786,0.974382,-0.460782
906,0.676921,-0.221322,-0.256047,-0.319215,-0.160315,-0.225118,-0.241817,2.565534,-0.156163,-0.378665,2.088616,-1.026291,-0.460782
1036,0.448033,-0.164568,0.466095,-0.358712,-0.325783,-0.219131,-0.063265,-0.389782,-0.333078,-0.378665,-0.478786,0.974382,-0.460782
1621,2.049476,-0.232886,-0.773046,-0.573126,-0.524343,0.012576,-0.100855,2.565534,-0.067706,-0.378665,-0.478786,-1.026291,2.170225
1317,-0.913296,-0.152587,0.339124,-0.369997,-0.160315,-0.368214,0.063601,-0.389782,-0.24462,-0.378665,-0.478786,0.974382,-0.460782
831,-0.015164,-0.174487,-0.151726,-0.28536,-0.458157,-0.332291,0.119985,-0.389782,-0.288849,2.640859,-0.478786,-1.026291,-0.460782
55,-0.326606,-0.204145,1.070012,-0.228935,-0.325783,-0.183208,-0.523742,2.565534,-0.200392,2.640859,-0.478786,-1.026291,-0.460782
1666,0.279826,-0.106442,1.29937,-0.702903,-0.027942,0.023952,0.011914,2.565534,-0.156163,-0.378665,-0.478786,0.974382,-0.460782
77,0.815899,-0.193091,0.389673,-0.19508,-0.358876,-0.276609,-0.241817,-0.389782,-0.111934,2.640859,-0.478786,-1.026291,-0.460782
1331,-0.435776,-0.222549,-1.307355,-0.19508,-0.292689,-0.196978,0.425403,-0.389782,-0.200392,-0.378665,-0.478786,-1.026291,2.170225
525,0.766347,-0.177712,-0.091141,-0.21765,-0.39197,-0.170634,0.063601,-0.389782,-0.24462,-0.378665,-0.478786,0.974382,-0.460782
343,0.864,-0.128924,-0.798826,-0.245863,-0.226502,-0.162252,0.796604,-0.389782,-0.111934,-0.378665,-0.478786,0.974382,-0.460782
489,0.00458,-0.215918,0.836971,-0.21765,-0.358876,-0.223921,-0.561332,-0.389782,-0.156163,-0.378665,-0.478786,0.974382,-0.460782
966,-1.769522,-0.258166,-0.868619,-0.420779,-0.325783,-0.296367,-0.382779,-0.389782,-0.24462,-0.378665,-0.478786,0.974382,-0.460782
618,1.082823,-0.197105,0.365365,-0.133013,-0.193409,-0.122736,-0.265311,-0.389782,-0.24462,-0.378665,-0.478786,0.974382,-0.460782
1571,-0.113106,-0.248546,0.195027,-0.257148,-0.325783,-0.235896,-0.688197,-0.389782,-0.067706,-0.378665,2.088616,-1.026291,-0.460782
167,-0.550462,-0.185878,-0.86779,-0.110443,-0.094129,-0.262838,0.434801,-0.389782,-0.111934,-0.378665,-0.478786,-1.026291,2.170225
1842,-1.692097,0.577657,-2.098276,6.739526,4.042553,3.508543,2.793567,-0.389782,0.374581,-0.378665,-0.478786,0.974382,-0.460782
1230,0.05481,-0.213274,1.248821,-0.223293,-0.127222,-0.338877,-0.636511,-0.389782,-0.111934,-0.378665,2.088616,-1.026291,-0.460782
447,-0.135269,-0.22343,-1.49712,-0.477204,-0.127222,-0.335284,0.613353,-0.389782,-0.377306,-0.378665,-0.478786,0.974382,-0.460782
1286,-0.197306,-0.227345,2.063774,-0.28536,-0.425063,-0.228112,-0.885544,-0.389782,-0.333078,2.640859,-0.478786,-1.026291,-0.460782
1661,3.771993,5.275984,-0.49765,0.752856,-0.39197,-0.457425,2.840555,-0.389782,-0.377306,-0.378665,-0.478786,0.974382,-0.460782
413,0.374866,-0.294373,0.136283,-0.420779,-0.160315,-0.168239,-1.252046,-0.389782,-0.156163,2.640859,-0.478786,-1.026291,-0.460782
607,-0.845646,-0.282919,0.128825,-0.381282,-0.226502,-0.273615,-1.08759,-0.389782,-0.200392,2.640859,-0.478786,-1.026291,-0.460782
730,0.081908,-0.214964,-0.984541,-0.369997,-0.226502,-0.17722,0.242153,-0.389782,-0.377306,-0.378665,2.088616,-1.026291,-0.460782
624,-0.268537,-0.252216,1.259318,-0.324857,-0.027942,-0.089207,-0.956025,-0.389782,-0.200392,-0.378665,2.088616,-1.026291,-0.460782
1111,0.549653,-0.255459,-0.708962,0.002406,-0.127222,-0.340673,-0.429767,-0.389782,-0.24462,-0.378665,-0.478786,0.974382,-0.460782
575,-1.416656,-0.187041,0.620044,-0.437707,-0.325783,-0.201768,-0.274709,2.565534,-0.333078,-0.378665,-0.478786,0.974382,-0.460782
1297,-0.308992,-0.153095,1.295319,-0.161225,-0.027942,-0.283195,-0.241817,-0.389782,-0.288849,-0.378665,-0.478786,-1.026291,2.170225
198,-0.074297,-0.242242,0.552921,-0.313572,-0.358876,-0.346061,-0.721089,-0.389782,-0.377306,-0.378665,2.088616,-1.026291,-0.460782
1643,-1.399236,0.45639,-2.182156,5.232984,2.090039,3.830658,2.807663,-0.389782,0.684182,-0.378665,-0.478786,0.974382,-0.460782
1623,0.542104,-0.277214,0.484141,-0.347427,-0.49125,-0.222125,-1.082891,2.565534,-0.067706,-0.378665,2.088616,-1.026291,-0.460782
789,-0.235341,-0.228017,1.492174,-0.347427,0.005152,-0.287386,-0.796268,-0.389782,-0.24462,-0.378665,-0.478786,0.974382,-0.460782
608,-0.042746,-0.243541,1.302409,-0.223293,-0.458157,-0.24308,-0.890243,-0.389782,-0.067706,-0.378665,-0.478786,0.974382,-0.460782
1000,0.082973,-0.286961,0.328167,-0.35307,-0.49125,-0.314927,-1.181565,-0.389782,-0.24462,-0.378665,2.088616,-1.026291,-0.460782
283,-0.132269,-0.167257,0.174771,-0.104801,-0.226502,-0.3748,0.030709,-0.389782,-0.200392,-0.378665,2.088616,-1.026291,-0.460782
1245,0.677695,-0.234239,0.95096,-0.471562,-0.458157,-0.352049,-0.739884,-0.389782,-0.200392,-0.378665,2.088616,-1.026291,-0.460782
596,0.174915,-0.264915,-0.254021,-0.189438,-0.39197,-0.134112,-0.744582,-0.389782,-0.24462,-0.378665,-0.478786,0.974382,-0.460782
936,0.83332,-0.318272,1.160337,-0.048376,-0.259596,-0.110762,-1.64674,-0.389782,-0.377306,2.640859,-0.478786,-1.026291,-0.460782
997,0.374188,-0.254569,-0.364418,-0.499774,-0.226502,-0.195781,-0.570729,-0.389782,-0.200392,-0.378665,2.088616,-1.026291,-0.460782
944,-0.509523,-0.2491,-0.846889,-0.19508,-0.193409,-0.188596,-0.265311,-0.389782,-0.111934,-0.378665,2.088616,-1.026291,-0.460782
1845,3.447582,4.801445,-1.396483,0.843136,-0.458157,-0.462813,2.906337,2.565534,-0.288849,-0.378665,-0.478786,0.974382,-0.460782
1556,0.330443,-0.247156,0.497032,-0.14994,0.071339,-0.277208,-0.75398,-0.389782,-0.156163,-0.378665,-0.478786,0.974382,-0.460782
688,0.20095,-0.215827,-0.7515,-0.110443,0.005152,-0.311934,0.072998,2.565534,-0.288849,-0.378665,2.088616,-1.026291,-0.460782
1579,0.345928,-0.140523,-0.392777,-0.121728,-0.226502,-0.123335,0.47709,-0.389782,-0.24462,-0.378665,-0.478786,0.974382,-0.460782
1534,-0.177853,-0.148762,0.254047,-0.544914,-0.292689,-0.253857,0.119985,-0.389782,-0.200392,-0.378665,2.088616,-1.026291,-0.460782
1319,0.188852,-0.237646,-0.020612,-0.291002,-0.259596,-0.135309,-0.504947,-0.389782,-0.24462,-0.378665,2.088616,-1.026291,-0.460782
286,-0.494619,-0.193617,0.311501,-0.223293,-0.193409,-0.287985,-0.218324,-0.389782,-0.156163,-0.378665,-0.478786,0.974382,-0.460782
1375,0.896712,-0.268031,-0.807574,-0.008879,-0.292689,-0.074239,-0.56603,-0.389782,-0.288849,-0.378665,-0.478786,-1.026291,2.170225
12,0.220983,-0.230188,0.314724,-0.652121,-0.259596,-0.273017,-0.537838,-0.389782,-0.333078,-0.378665,-0.478786,0.974382,-0.460782
1439,-1.309132,-0.187849,0.496848,-0.178153,-0.425063,-0.269424,-0.241817,-0.389782,-0.200392,-0.378665,2.088616,-1.026291,-0.460782
620,1.076048,-0.16931,0.758708,-0.19508,-0.127222,-0.233501,-0.190131,-0.389782,-0.288849,-0.378665,-0.478786,-1.026291,2.170225
1092,0.254663,-0.227054,0.389857,-0.369997,-0.226502,-0.233501,-0.533139,2.565534,-0.333078,-0.378665,-0.478786,-1.026291,2.170225
779,-0.09646,-0.218906,0.29769,-0.070946,-0.259596,-0.246074,-0.429767,-0.389782,-0.288849,-0.378665,2.088616,-1.026291,-0.460782
1460,-0.090653,-0.163877,-0.152647,-0.21765,-0.027942,-0.237692,0.195165,-0.389782,-0.288849,-0.378665,-0.478786,-1.026291,2.170225
1063,-1.769522,-0.241606,0.630724,-0.279717,-0.193409,-0.319717,-0.735185,-0.389782,-0.333078,-0.378665,-0.478786,-1.026291,2.170225
735,0.097684,-0.262199,-0.139204,-0.392567,-0.027942,-0.223322,-0.749281,-0.389782,-0.023477,-0.378665,-0.478786,0.974382,-0.460782
1516,-0.546204,-0.252316,0.178362,-0.3305,-0.325783,-0.15387,-0.725787,2.565534,-0.156163,-0.378665,-0.478786,-1.026291,2.170225
272,0.586817,-0.184715,0.385345,-0.3305,-0.292689,-0.192787,-0.176035,-0.389782,-0.333078,-0.378665,-0.478786,0.974382,-0.460782
179,-0.252472,-0.220287,0.91146,-0.454634,-0.127222,-0.15866,-0.613018,-0.389782,-0.200392,-0.378665,-0.478786,0.974382,-0.460782
1732,-1.504534,-0.109385,-1.311314,1.915207,5.267011,3.422925,1.308766,-0.389782,4.974363,-0.378665,-0.478786,0.974382,-0.460782
1653,-1.628608,0.317719,-2.37321,3.416106,2.718815,2.500287,2.896939,-0.389782,1.170697,-0.378665,-0.478786,0.974382,-0.460782
485,0.117814,-0.151206,0.729612,-0.099158,-0.39197,-0.241284,-0.067964,-0.389782,-0.333078,-0.378665,-0.478786,0.974382,-0.460782
48,-1.02682,-0.217571,-0.546726,-0.482847,-0.027942,-0.25266,-0.063265,-0.389782,-0.333078,-0.378665,-0.478786,0.974382,-0.460782
1819,3.571946,7.529293,-1.147973,0.673861,-0.49125,-0.419106,2.925132,2.565534,-0.333078,-0.378665,2.088616,-1.026291,-0.460782
931,-0.256924,-0.180882,1.095517,-0.573126,-0.160315,-0.295768,-0.368683,-0.389782,-0.200392,2.640859,-0.478786,-1.026291,-0.460782
159,0.535814,-0.178502,-0.128984,-0.550556,-0.358876,-0.211348,0.077697,-0.389782,-0.156163,-0.378665,-0.478786,0.974382,-0.460782
929,0.661242,-0.232604,0.983922,-0.347427,-0.425063,-0.143692,-0.735185,-0.389782,-0.156163,-0.378665,2.088616,-1.026291,-0.460782
744,0.257373,-0.143784,0.710277,-0.364355,-0.127222,-0.307144,-0.011579,-0.389782,-0.067706,-0.378665,-0.478786,0.974382,-0.460782
1583,-0.026003,-0.191428,0.632658,-0.19508,-0.39197,-0.346061,-0.312298,2.565534,-0.24462,-0.378665,-0.478786,-1.026291,2.170225
1675,3.219468,6.045106,-1.255885,1.209897,-0.49125,-0.454431,2.915734,2.565534,-0.333078,-0.378665,-0.478786,0.974382,-0.460782
1219,-0.205146,-0.205462,0.271449,-0.612624,-0.193409,-0.265233,-0.302901,-0.389782,-0.288849,-0.378665,-0.478786,0.974382,-0.460782
1325,-0.587529,-0.229997,-0.279618,-0.268433,-0.358876,-0.266431,-0.321696,-0.389782,-0.333078,-0.378665,-0.478786,0.974382,-0.460782
1504,0.137364,-0.214755,-0.092062,-0.296645,-0.425063,-0.357437,-0.246516,-0.389782,-0.067706,-0.378665,-0.478786,0.974382,-0.460782
149,-0.268537,-0.256394,-1.267486,-0.059661,-0.160315,-0.299361,-0.077362,-0.389782,-0.156163,-0.378665,2.088616,-1.026291,-0.460782
994,0.626014,-0.207352,0.840838,-0.324857,-0.160315,-0.147284,-0.49085,-0.389782,-0.288849,-0.378665,-0.478786,0.974382,-0.460782
968,-0.112042,-0.170372,0.315829,-0.020163,-0.325783,-0.235896,-0.049169,-0.389782,-0.288849,-0.378665,-0.478786,0.974382,-0.460782
1459,1.372006,-0.194825,0.421162,-0.302287,-0.292689,-0.185004,-0.27001,-0.389782,-0.067706,-0.378665,2.088616,-1.026291,-0.460782
1066,0.028679,-0.175913,-0.50649,-0.093516,-0.358876,-0.310138,0.28914,-0.389782,-0.288849,-0.378665,2.088616,-1.026291,-0.460782
888,1.321195,-0.155239,0.451087,-0.437707,-0.358876,-0.190991,0.002517,-0.389782,-0.377306,-0.378665,-0.478786,0.974382,-0.460782
480,0.293473,-0.208396,0.238026,-0.014521,-0.193409,-0.314927,-0.316997,2.565534,-0.377306,-0.378665,-0.478786,0.974382,-0.460782
1444,-0.480779,-0.183117,-0.019691,-0.26279,-0.59053,-0.295768,-0.00688,-0.389782,-0.200392,-0.378665,2.088616,-1.026291,-0.460782
941,0.179754,-0.162015,0.957221,-0.24022,-0.027942,-0.298762,-0.204227,-0.389782,-0.333078,-0.378665,-0.478786,-1.026291,2.170225
1577,-0.039165,-0.213256,0.704568,-0.110443,-0.160315,-0.193386,-0.500248,-0.389782,-0.200392,-0.378665,-0.478786,0.974382,-0.460782
327,0.822674,-0.248201,1.074892,-0.087873,-0.358876,-0.328099,-0.890243,-0.389782,-0.200392,-0.378665,-0.478786,0.974382,-0.460782
830,-0.146109,-0.23978,0.006274,0.058831,-0.259596,-0.183208,-0.533139,-0.389782,-0.377306,-0.378665,2.088616,-1.026291,-0.460782
774,-1.561635,-0.244813,0.00922,-0.39821,-0.094129,-0.185004,-0.589524,-0.389782,-0.288849,-0.378665,-0.478786,0.974382,-0.460782
289,0.036131,-0.260173,0.305977,-0.494132,-0.259596,-0.179615,-0.847955,-0.389782,-0.333078,-0.378665,-0.478786,0.974382,-0.460782
1456,0.970459,-0.17396,-2.09358,-0.183795,-0.160315,-0.310736,1.947794,-0.389782,-0.377306,-0.378665,2.088616,-1.026291,-0.460782
415,1.714322,-0.231178,0.363432,-0.369997,-0.425063,-0.195182,-0.561332,-0.389782,-0.24462,-0.378665,-0.478786,0.974382,-0.460782
860,-0.49549,-0.216336,1.012558,-0.274075,-0.226502,-0.290978,-0.60362,-0.389782,-0.24462,-0.378665,2.088616,-1.026291,-0.460782
1386,-0.283151,-0.227281,0.485246,-0.313572,-0.458157,-0.380189,-0.561332,-0.389782,-0.288849,2.640859,-0.478786,-1.026291,-0.460782
1305,0.136396,-0.244958,-1.258095,-0.279717,0.005152,-0.25745,0.087094,2.565534,-0.288849,-0.378665,2.088616,-1.026291,-0.460782
1717,5.240072,4.073673,-0.50741,0.871348,-0.458157,-0.416112,2.802965,-0.389782,-0.333078,-0.378665,-0.478786,0.974382,-0.460782
1182,-0.667761,-0.199376,1.352958,-0.386925,-0.226502,-0.377794,-0.556633,-0.389782,-0.023477,-0.378665,-0.478786,0.974382,-0.460782
1071,0.056552,-0.194171,1.349182,0.098329,-0.127222,-0.367017,-0.519043,-0.389782,-0.156163,-0.378665,2.088616,-1.026291,-0.460782
1309,-0.838,-0.205544,-0.311936,-0.020163,-0.094129,-0.193985,-0.063265,2.565534,-0.156163,-0.378665,-0.478786,0.974382,-0.460782
962,-0.309089,-0.245767,-0.896333,-0.364355,-0.325783,-0.461017,-0.190131,-0.389782,-0.24462,2.640859,-0.478786,-1.026291,-0.460782
1315,-1.150798,-0.256394,-1.112064,-0.059661,-0.39197,-0.243679,-0.199529,-0.389782,-0.24462,-0.378665,-0.478786,0.974382,-0.460782
817,-0.832774,-0.253778,0.769204,-0.048376,-0.49125,-0.314927,-0.885544,-0.389782,-0.377306,2.640859,-0.478786,-1.026291,-0.460782
206,1.264094,-0.23106,0.06244,-0.037091,-0.127222,-0.268227,-0.462658,-0.389782,-0.288849,-0.378665,-0.478786,0.974382,-0.460782
664,-0.27357,-0.231442,-0.808126,-0.324857,-0.193409,-0.423297,-0.063265,-0.389782,-0.333078,-0.378665,-0.478786,0.974382,-0.460782
916,-0.688182,-0.251417,1.021213,0.013691,-0.259596,-0.355641,-0.909038,-0.389782,-0.200392,-0.378665,-0.478786,-1.026291,2.170225
4,-0.200113,-0.189121,-0.127602,-0.381282,-0.160315,-0.176622,-0.00688,-0.389782,-0.200392,-0.378665,-0.478786,-1.026291,2.170225
578,-0.085137,-0.235611,-0.797169,-0.21765,-0.325783,-0.164048,-0.11965,-0.389782,-0.288849,-0.378665,2.088616,-1.026291,-0.460782
461,-0.281409,-0.191356,1.803018,-0.24022,-0.39197,-0.255055,-0.594223,-0.389782,-0.156163,2.640859,-0.478786,-1.026291,-0.460782
1598,-1.216415,-0.192327,1.094688,-0.674691,-0.325783,-0.183208,-0.443863,-0.389782,-0.156163,2.640859,-0.478786,-1.026291,-0.460782
178,0.31099,-0.189512,-0.100256,-0.573126,-0.226502,-0.310736,-0.025675,-0.389782,-0.377306,-0.378665,-0.478786,0.974382,-0.460782
613,-1.134732,-0.21937,-0.403826,-0.279717,-0.094129,-0.295169,-0.152541,2.565534,-0.111934,-0.378665,-0.478786,0.974382,-0.460782
760,-0.108267,-0.11974,-1.997454,-0.432064,-0.226502,-0.266431,2.03707,-0.389782,-0.156163,-0.378665,-0.478786,0.974382,-0.460782
805,-0.5884,-0.213765,-0.195185,-0.087873,-0.127222,-0.256252,-0.19483,-0.389782,-0.333078,-0.378665,2.088616,-1.026291,-0.460782
27,0.695987,-0.173479,-0.260742,-0.234578,-0.094129,-0.223322,0.17637,-0.389782,-0.200392,-0.378665,-0.478786,0.974382,-0.460782
1726,-1.517309,-0.183362,-1.840559,-0.448992,6.458375,3.45825,1.459126,2.565534,6.301224,-0.378665,-0.478786,0.974382,-0.460782
189,-0.45039,-0.219742,-1.40348,-0.076588,-0.160315,-0.259246,0.556968,-0.389782,-0.288849,-0.378665,-0.478786,-1.026291,2.170225
551,-0.076329,-0.214319,1.053163,-0.234578,0.170619,-0.253259,-0.598921,-0.389782,-0.156163,-0.378665,-0.478786,0.974382,-0.460782
1757,-1.58583,-0.205272,-2.15794,1.514591,3.347591,3.299587,1.882012,-0.389782,4.310933,-0.378665,-0.478786,0.974382,-0.460782
799,0.048422,-0.285862,1.035576,-0.358712,0.005152,-0.359233,-1.261443,-0.389782,-0.288849,-0.378665,-0.478786,-1.026291,2.170225
887,0.255728,-0.149434,-0.676275,-0.443349,-0.425063,-0.229908,0.58516,-0.389782,-0.24462,-0.378665,-0.478786,-1.026291,2.170225
1511,0.243146,-0.199077,0.107096,-0.482847,-0.226502,-0.252061,-0.190131,2.565534,-0.200392,-0.378665,-0.478786,0.974382,-0.460782
95,0.009613,-0.189493,-0.436145,-0.144298,-0.292689,-0.179016,0.13878,-0.389782,-0.377306,-0.378665,2.088616,-1.026291,-0.460782
41,0.499133,-0.23572,-0.41598,-0.30793,-0.094129,-0.264036,-0.321696,-0.389782,-0.067706,-0.378665,-0.478786,0.974382,-0.460782
679,-0.2035,-0.22621,0.928401,-0.296645,-0.358876,-0.189195,-0.664704,-0.389782,-0.288849,-0.378665,-0.478786,-1.026291,2.170225
153,-0.880197,-0.215754,-0.776729,-0.291002,-0.39197,-0.378393,0.091793,-0.389782,-0.24462,-0.378665,-0.478786,0.974382,-0.460782
897,0.500875,-0.216862,0.487916,-0.369997,-0.027942,-0.249666,-0.472056,-0.389782,-0.156163,-0.378665,-0.478786,0.974382,-0.460782
1561,0.430225,-0.247075,-0.025308,-0.183795,-0.027942,-0.199972,-0.60362,-0.389782,-0.377306,2.640859,-0.478786,-1.026291,-0.460782
675,-0.465972,-0.241416,1.231051,-0.39821,-0.325783,-0.167641,-0.857352,-0.389782,-0.156163,-0.378665,-0.478786,0.974382,-0.460782
1624,-1.596476,-0.184025,-1.744433,3.370966,2.851189,3.213969,1.313465,-0.389782,4.310933,-0.378665,-0.478786,0.974382,-0.460782
758,-0.688376,-0.21114,-1.439482,-0.116086,0.005152,-0.27122,0.688533,-0.389782,-0.24462,-0.378665,-0.478786,0.974382,-0.460782
1747,-1.218545,0.044302,-2.232612,2.270683,2.785002,2.753548,2.657304,-0.389782,0.153438,-0.378665,-0.478786,0.974382,-0.460782
374,0.117427,-0.26843,0.142637,-0.460277,-0.027942,-0.205959,-0.904339,-0.389782,-0.288849,-0.378665,-0.478786,0.974382,-0.460782
828,0.028485,-0.137235,-0.021993,-0.251505,0.104432,-0.277806,0.312634,-0.389782,-0.288849,-0.378665,-0.478786,0.974382,-0.460782
937,-0.010421,-0.211494,-0.982515,-0.183795,-0.127222,-0.212545,0.275044,-0.389782,-0.111934,-0.378665,-0.478786,-1.026291,2.170225
35,-1.026724,-0.229007,0.083248,-0.206365,-0.061035,-0.29038,-0.453261,-0.389782,-0.156163,2.640859,-0.478786,-1.026291,-0.460782
407,0.414643,-0.262163,-1.090519,-0.635194,-0.425063,-0.293373,-0.3076,-0.389782,-0.333078,-0.378665,-0.478786,0.974382,-0.460782
8,1.368231,-0.236265,-0.403642,-0.319215,-0.027942,-0.128125,-0.335792,-0.389782,-0.156163,-0.378665,-0.478786,-1.026291,2.170225
72,0.801963,-0.223584,1.2816,-0.403852,-0.259596,-0.300558,-0.721089,-0.389782,-0.156163,-0.378665,-0.478786,0.974382,-0.460782
201,0.064972,-0.220705,0.671421,-0.26279,-0.292689,-0.322112,-0.556633,-0.389782,-0.067706,-0.378665,2.088616,-1.026291,-0.460782
1445,1.178152,-0.187668,0.957221,-0.251505,-0.292689,-0.340074,-0.378081,-0.389782,-0.377306,-0.378665,-0.478786,0.974382,-0.460782
1403,-0.02068,-0.141977,1.922439,-0.104801,-0.193409,-0.33708,-0.331093,-0.389782,-0.288849,2.640859,-0.478786,-1.026291,-0.460782
634,0.916552,-0.229153,1.201403,-0.296645,-0.160315,-0.253259,-0.749281,-0.389782,-0.111934,-0.378665,-0.478786,0.974382,-0.460782
1736,-0.55714,-0.195779,-0.838142,-0.212008,0.038245,-0.135908,0.32673,2.565534,0.153438,-0.378665,2.088616,-1.026291,-0.460782
400,-0.342479,-0.189112,1.472102,-0.381282,-0.193409,-0.150876,-0.514344,-0.389782,-0.377306,-0.378665,-0.478786,-1.026291,2.170225
284,0.66192,-0.265696,-0.699846,-0.166868,0.236806,-0.316724,-0.580126,-0.389782,-0.200392,-0.378665,-0.478786,-1.026291,2.170225
1128,1.043916,-0.187377,-0.103295,-0.138656,-0.39197,-0.280201,-0.00688,-0.389782,-0.288849,-0.378665,-0.478786,-1.026291,2.170225
1769,-1.38346,-0.062513,-1.924162,3.094485,4.340394,3.152301,2.126346,-0.389782,6.08008,-0.378665,-0.478786,0.974382,-0.460782
566,-0.771704,-0.184379,-0.261663,-0.183795,-0.226502,-0.349055,0.091793,-0.389782,-0.288849,-0.378665,-0.478786,-1.026291,2.170225
989,-0.099751,-0.217344,-0.014259,-0.26279,-0.160315,-0.320316,-0.302901,-0.389782,-0.111934,-0.378665,-0.478786,0.974382,-0.460782
98,-0.558398,-0.261854,1.201219,-0.35307,-0.458157,-0.208953,-1.035904,-0.389782,-0.288849,-0.378665,2.088616,-1.026291,-0.460782
1046,-0.032003,-0.221268,0.085919,-0.206365,-0.127222,-0.21494,-0.378081,-0.389782,-0.200392,-0.378665,-0.478786,0.974382,-0.460782
175,-1.109472,-0.192046,0.330653,-0.020163,-0.358876,-0.231704,-0.213625,-0.389782,-0.200392,-0.378665,-0.478786,0.974382,-0.460782
500,0.554008,-0.20301,0.703831,-0.076588,-0.325783,-0.446049,-0.420369,-0.389782,-0.200392,-0.378665,-0.478786,0.974382,-0.460782
1495,0.367994,-0.246057,2.026207,-0.155583,-0.325783,-0.240087,-1.017109,-0.389782,-0.24462,-0.378665,-0.478786,0.974382,-0.460782
1791,4.133762,3.961617,-0.872394,0.656934,-0.557437,-0.401144,2.831157,2.565534,-0.333078,-0.378665,-0.478786,0.974382,-0.460782
1824,-1.394784,0.625038,-2.040637,3.049345,1.593638,2.168592,2.779471,-0.389782,1.789899,-0.378665,-0.478786,0.974382,-0.460782
482,-0.034326,-0.184089,0.438933,-0.279717,0.005152,-0.218532,-0.190131,-0.389782,-0.288849,-0.378665,-0.478786,0.974382,-0.460782
1565,0.269181,-0.155257,0.042367,-0.257148,-0.259596,-0.201169,0.166973,-0.389782,-0.333078,2.640859,-0.478786,-1.026291,-0.460782
592,-0.393289,-0.185233,-0.142242,-0.24022,-0.127222,-0.223322,0.030709,-0.389782,-0.200392,-0.378665,-0.478786,0.974382,-0.460782
191,0.575881,-0.216844,-0.294902,-0.584411,0.005152,-0.052086,-0.180734,-0.389782,-0.156163,-0.378665,-0.478786,0.974382,-0.460782
1794,0.613916,-0.256667,1.250386,-0.093516,-0.259596,0.189799,-0.998314,2.565534,-0.200392,-0.378665,-0.478786,0.974382,-0.460782
764,0.020549,-0.201293,0.587725,-0.24022,-0.292689,-0.211348,-0.373382,-0.389782,-0.111934,-0.378665,2.088616,-1.026291,-0.460782
388,-0.721088,-0.154567,1.149841,-0.251505,-0.094129,-0.29038,-0.213625,-0.389782,-0.24462,-0.378665,2.088616,-1.026291,-0.460782
606,1.297387,-0.24692,-0.43329,-0.561841,0.071339,-0.44066,-0.448562,-0.389782,-0.111934,-0.378665,-0.478786,0.974382,-0.460782
172,0.325798,-0.166303,-0.899648,-0.347427,-0.160315,-0.265832,0.613353,-0.389782,-0.200392,-0.378665,-0.478786,0.974382,-0.460782
1122,-0.785254,-0.250263,0.008023,-0.432064,-0.127222,-0.249068,-0.650608,2.565534,-0.24462,-0.378665,-0.478786,0.974382,-0.460782
23,0.269277,-0.202447,0.001302,-0.138656,-0.160315,-0.385577,-0.176035,-0.389782,-0.288849,-0.378665,-0.478786,0.974382,-0.460782
250,-0.641727,-0.210867,1.920598,-0.324857,-0.094129,-0.178418,-0.749281,2.565534,-0.288849,-0.378665,-0.478786,0.974382,-0.460782
1303,-0.286055,-0.193091,-0.113423,-0.178153,-0.325783,-0.240087,-0.049169,-0.389782,-0.067706,-0.378665,-0.478786,-1.026291,2.170225
985,-0.560043,-0.159608,0.153225,-0.30793,-0.325783,-0.238889,0.091793,-0.389782,-0.023477,-0.378665,2.088616,-1.026291,-0.460782
1823,-1.303325,0.875755,-2.300932,4.488177,1.031049,1.987178,2.920433,-0.389782,0.72841,-0.378665,-0.478786,-1.026291,2.170225
1041,1.157635,-0.285053,0.475026,-0.245863,-0.160315,-0.24308,-1.176866,-0.389782,-0.111934,-0.378665,2.088616,-1.026291,-0.460782
1199,1.53847,-0.169064,-0.670474,-0.19508,-0.325783,-0.228711,0.4395,-0.389782,-0.24462,-0.378665,-0.478786,0.974382,-0.460782
1803,3.400352,5.259398,-1.84903,0.98984,-0.458157,-0.462813,2.948625,2.565534,-0.377306,-0.378665,2.088616,-1.026291,-0.460782
235,0.872323,-0.202092,0.843969,-0.155583,-0.325783,-0.340074,-0.453261,-0.389782,-0.156163,-0.378665,2.088616,-1.026291,-0.460782
1321,0.263083,-0.220659,0.768744,-0.324857,-0.226502,-0.131717,-0.580126,-0.389782,-0.067706,-0.378665,-0.478786,0.974382,-0.460782
889,0.853741,-0.289695,0.711197,-0.415137,-0.160315,-0.168239,-1.266142,-0.389782,-0.156163,-0.378665,-0.478786,0.974382,-0.460782
1380,0.558557,-0.191501,1.166138,-0.19508,-0.127222,-0.356838,-0.457959,-0.389782,-0.200392,-0.378665,-0.478786,0.974382,-0.460782
1244,0.530878,-0.208605,-0.184228,-0.533629,-0.39197,-0.314329,-0.152541,2.565534,-0.200392,-0.378665,-0.478786,0.974382,-0.460782
1070,-0.131592,-0.183689,0.858609,-0.206365,-0.458157,-0.305947,-0.321696,-0.389782,-0.288849,-0.378665,-0.478786,-1.026291,2.170225
1662,0.762766,4.754265,-1.596561,1.345316,-0.59053,-0.434074,2.920433,-0.389782,-0.377306,-0.378665,-0.478786,0.974382,-0.460782
34,0.068746,-0.191692,0.222373,-0.161225,-0.226502,-0.239488,-0.171336,-0.389782,-0.333078,-0.378665,2.088616,-1.026291,-0.460782
5,0.459453,-0.264833,-1.01336,-0.228935,-0.292689,-0.217335,-0.401574,2.565534,-0.288849,-0.378665,-0.478786,0.974382,-0.460782
360,-0.612499,-0.199149,-0.766969,-0.223293,-0.325783,-0.220927,0.246851,-0.389782,-0.24462,-0.378665,-0.478786,0.974382,-0.460782
472,-0.326316,-0.220133,-1.402744,-0.505417,-0.425063,-0.209552,0.547571,-0.389782,-0.333078,-0.378665,-0.478786,0.974382,-0.460782
380,-0.424452,-0.199167,-1.489202,-0.561841,-0.39197,-0.117348,0.862386,-0.389782,-0.156163,-0.378665,2.088616,-1.026291,-0.460782
1424,-1.190188,-0.189321,0.369877,-0.031448,-0.193409,-0.160456,-0.208926,-0.389782,-0.333078,-0.378665,-0.478786,0.974382,-0.460782
240,0.380866,-0.230606,0.660648,-0.409495,-0.160315,-0.352049,-0.64121,-0.389782,-0.111934,-0.378665,2.088616,-1.026291,-0.460782
1574,-0.175821,-0.18318,-1.093834,-0.358712,-0.226502,-0.226915,0.627449,-0.389782,-0.24462,-0.378665,-0.478786,0.974382,-0.460782
249,-0.409935,-0.115498,-0.083591,-0.381282,0.005152,-0.352049,0.472391,-0.389782,-0.111934,2.640859,-0.478786,-1.026291,-0.460782
1350,-0.065006,-0.22105,1.665735,-0.279717,-0.458157,-0.128125,-0.777473,2.565534,-0.067706,-0.378665,2.088616,-1.026291,-0.460782
344,0.829158,-0.186423,-1.161693,-0.35307,-0.49125,-0.206558,0.66034,-0.389782,-0.333078,-0.378665,-0.478786,0.974382,-0.460782
435,-0.471101,-0.214546,1.054083,-0.3305,-0.325783,-0.30894,-0.60362,2.565534,-0.288849,-0.378665,2.088616,-1.026291,-0.460782
1212,1.702708,-0.174378,1.161534,-0.279717,0.038245,-0.288583,-0.340491,-0.389782,-0.288849,-0.378665,-0.478786,0.974382,-0.460782
1599,-0.127527,-0.301849,0.636617,-0.415137,-0.39197,-0.295169,-1.416502,-0.389782,-0.24462,-0.378665,-0.478786,0.974382,-0.460782
102,0.615368,-0.251517,-0.287996,-0.347427,-0.292689,-0.304749,-0.561332,-0.389782,-0.288849,-0.378665,-0.478786,-1.026291,2.170225
1287,-1.361491,-0.210032,1.717205,-0.30793,-0.358876,-0.195781,-0.706992,-0.389782,-0.377306,-0.378665,-0.478786,0.974382,-0.460782
1430,-0.516976,-0.288478,-0.487154,-0.358712,0.038245,-0.344265,-1.031205,-0.389782,-0.377306,-0.378665,-0.478786,0.974382,-0.460782
354,0.492746,-0.166966,1.244586,-0.155583,-0.127222,-0.226915,-0.316997,-0.389782,-0.288849,-0.378665,-0.478786,0.974382,-0.460782
1266,-1.488759,-0.188585,0.102032,-0.166868,-0.061035,-0.289182,-0.100855,-0.389782,-0.24462,-0.378665,-0.478786,0.974382,-0.460782
1161,-0.356802,-0.175532,1.007862,-0.302287,-0.127222,-0.291577,-0.3076,-0.389782,-0.156163,-0.378665,-0.478786,0.974382,-0.460782
322,-1.282711,-0.269021,-0.039763,-0.35307,-0.160315,-0.21015,-0.866749,-0.389782,-0.200392,2.640859,-0.478786,-1.026291,-0.460782
803,0.511037,-0.293101,-0.089944,-0.274075,-0.292689,-0.327501,-1.195661,-0.389782,-0.377306,-0.378665,2.088616,-1.026291,-0.460782
62,-1.692677,-0.255477,0.301557,-0.178153,-0.094129,-0.122137,-0.796268,-0.389782,-0.067706,-0.378665,-0.478786,0.974382,-0.460782
1024,0.443194,-0.149198,0.573178,0.103971,-0.127222,-0.284991,-0.002182,-0.389782,-0.156163,-0.378665,-0.478786,-1.026291,2.170225
1606,3.421451,4.500204,-1.246217,0.752856,-0.458157,-0.441858,2.882843,-0.389782,-0.333078,-0.378665,-0.478786,0.974382,-0.460782
1838,-0.451938,-0.204917,-2.138973,0.008049,-0.458157,-0.21494,1.839723,2.565534,-0.288849,-0.378665,-0.478786,0.974382,-0.460782
1740,0.365478,-0.079136,0.816715,-0.116086,-0.193409,-0.119742,0.298537,2.565534,-0.200392,-0.378665,2.088616,-1.026291,-0.460782
212,0.009032,-0.216054,-0.125393,-0.268433,-0.259596,-0.194583,-0.246516,-0.389782,-0.24462,2.640859,-0.478786,-1.026291,-0.460782
1312,-0.172337,-0.158536,0.011522,-0.358712,-0.325783,-0.240685,0.157575,-0.389782,-0.24462,-0.378665,-0.478786,-1.026291,2.170225
488,0.557105,-0.183044,-0.320775,-0.488489,-0.127222,-0.342469,0.134082,-0.389782,-0.200392,-0.378665,2.088616,-1.026291,-0.460782
483,0.854515,-0.238527,-0.744134,-0.386925,-0.226502,-0.342469,-0.185433,2.565534,-0.333078,-0.378665,-0.478786,-1.026291,2.170225
1068,1.213187,-0.177567,-0.155685,-0.505417,-0.458157,-0.183806,0.096492,-0.389782,-0.200392,-0.378665,-0.478786,0.974382,-0.460782
334,0.075618,-0.212829,1.214017,0.098329,-0.127222,-0.267029,-0.622415,-0.389782,-0.067706,-0.378665,-0.478786,0.974382,-0.460782
1226,-0.768124,-0.232741,-0.513303,-0.471562,-0.027942,-0.221526,-0.241817,-0.389782,-0.24462,-0.378665,-0.478786,-1.026291,2.170225
1626,-1.508889,0.398927,-2.002242,0.860063,1.196516,2.134465,2.690195,-0.389782,1.568755,-0.378665,-0.478786,0.974382,-0.460782
1519,0.166302,-0.278668,-0.39821,-0.28536,-0.425063,-0.293972,-0.894942,-0.389782,-0.24462,-0.378665,-0.478786,0.974382,-0.460782
1393,0.342057,-0.256967,-0.674249,-0.381282,-0.193409,-0.297564,-0.467357,-0.389782,-0.111934,-0.378665,2.088616,-1.026291,-0.460782
271,0.499037,-0.231887,0.853269,-0.482847,-0.193409,-0.338278,-0.697595,-0.389782,-0.111934,-0.378665,-0.478786,-1.026291,2.170225
549,0.521587,-0.195934,1.133728,-0.409495,-0.524343,-0.21015,-0.481453,2.565534,-0.200392,-0.378665,-0.478786,0.974382,-0.460782
1372,-0.691182,-0.151242,0.979963,-0.17251,-0.358876,-0.185004,-0.143144,-0.389782,-0.111934,-0.378665,-0.478786,0.974382,-0.460782
518,1.048659,-0.257366,-0.693309,-0.3305,-0.292689,-0.335284,-0.462658,-0.389782,-0.288849,-0.378665,-0.478786,-1.026291,2.170225
1483,-1.036983,-0.222994,0.546476,-0.268433,-0.061035,-0.286189,-0.542537,-0.389782,-0.156163,-0.378665,-0.478786,-1.026291,2.170225
1107,-0.644437,-0.178593,0.481287,-0.234578,-0.160315,-0.273615,-0.166638,-0.389782,-0.200392,2.640859,-0.478786,-1.026291,-0.460782
184,0.342541,-0.125426,-0.438631,-0.228935,-0.259596,-0.211348,0.599257,-0.389782,-0.200392,-0.378665,-0.478786,0.974382,-0.460782
75,-0.316057,-0.265642,-0.187543,0.092686,-0.061035,-0.150278,-0.777473,-0.389782,-0.156163,-0.378665,-0.478786,-1.026291,2.170225
1367,0.920326,-0.198904,-0.290943,-0.26279,-0.259596,-0.246673,-0.016278,-0.389782,-0.200392,2.640859,-0.478786,-1.026291,-0.460782
1620,-1.649513,-0.09307,-1.761467,3.06063,3.24831,4.528175,1.835025,2.565534,5.814708,-0.378665,-0.478786,0.974382,-0.460782
520,0.608593,-0.255168,0.058112,-0.257148,-0.524343,-0.302953,-0.721089,-0.389782,-0.288849,-0.378665,-0.478786,0.974382,-0.460782
1744,-1.475306,0.268622,-2.113468,4.217338,2.222413,2.864912,2.699592,-0.389782,0.861096,-0.378665,-0.478786,0.974382,-0.460782
921,-0.757381,-0.176885,-0.349779,-0.17251,-0.193409,-0.183208,0.195165,-0.389782,-0.24462,2.640859,-0.478786,-1.026291,-0.460782
1521,-0.613467,-0.236392,-0.416441,-0.313572,-0.358876,-0.286787,-0.331093,-0.389782,-0.200392,-0.378665,2.088616,-1.026291,-0.460782
1628,2.959609,4.823219,-1.482849,0.668219,-0.524343,-0.462813,2.911036,-0.389782,-0.377306,-0.378665,-0.478786,0.974382,-0.460782
982,-0.43384,-0.242878,0.399249,-0.008879,-0.292689,-0.173628,-0.688197,-0.389782,-0.200392,-0.378665,-0.478786,0.974382,-0.460782
273,0.969491,-0.258393,0.128641,-0.381282,-0.325783,-0.187399,-0.782172,-0.389782,-0.200392,-0.378665,-0.478786,0.974382,-0.460782
1186,-0.984333,-0.223875,0.063084,-0.420779,-0.49125,-0.27601,-0.392177,-0.389782,-0.24462,2.640859,-0.478786,-1.026291,-0.460782
1418,0.569494,-0.224384,0.673815,-0.35307,-0.193409,-0.197577,-0.589524,-0.389782,-0.111934,-0.378665,-0.478786,-1.026291,2.170225
1506,-1.014626,-0.184697,0.206905,-0.347427,-0.160315,-0.256851,-0.110253,-0.389782,-0.200392,-0.378665,2.088616,-1.026291,-0.460782
627,-0.584916,-0.266841,0.078092,-0.494132,-0.127222,-0.255654,-0.866749,2.565534,-0.200392,-0.378665,-0.478786,-1.026291,2.170225
1329,-0.319541,-0.199558,1.011637,-0.392567,-0.193409,-0.216138,-0.476754,-0.389782,-0.288849,-0.378665,-0.478786,-1.026291,2.170225
1585,0.556331,-0.258175,-0.577939,-0.3305,-0.259596,-0.373004,-0.52844,-0.389782,-0.288849,-0.378665,-0.478786,-1.026291,2.170225
318,-0.00926,-0.225919,0.194014,-0.477204,-0.259596,-0.314927,-0.457959,-0.389782,-0.111934,-0.378665,2.088616,-1.026291,-0.460782
1280,1.136536,-0.240516,0.003512,-0.178153,-0.226502,-0.199373,-0.542537,2.565534,-0.288849,2.640859,-0.478786,-1.026291,-0.460782
1081,-0.117849,-0.209459,0.424017,-0.606981,-0.094129,-0.240685,-0.387478,-0.389782,-0.200392,-0.378665,-0.478786,0.974382,-0.460782
1201,0.855967,-0.196942,0.670961,-0.37564,-0.127222,-0.355641,-0.363985,2.565534,-0.023477,2.640859,-0.478786,-1.026291,-0.460782
1846,-0.247826,-0.209205,1.051413,-0.037091,0.071339,-0.338877,-0.561332,2.565534,-0.067706,-0.378665,2.088616,-1.026291,-0.460782
1660,-1.292776,0.734777,-1.983919,4.059349,1.031049,3.392989,2.779471,-0.389782,1.170697,-0.378665,-0.478786,0.974382,-0.460782
1164,-0.891907,-0.18596,-0.43062,-0.183795,-0.39197,-0.102978,0.166973,-0.389782,-0.111934,-0.378665,2.088616,-1.026291,-0.460782
1463,-0.037133,-0.226936,0.322274,-0.522344,-0.325783,-0.265233,-0.509645,-0.389782,-0.333078,-0.378665,-0.478786,0.974382,-0.460782
1330,0.688922,-0.265233,0.356066,-0.426422,-0.358876,-0.179016,-0.918436,-0.389782,-0.24462,-0.378665,-0.478786,0.974382,-0.460782
524,0.609561,-0.21837,1.298265,-0.28536,-0.325783,-0.131118,-0.683499,-0.389782,-0.288849,-0.378665,2.088616,-1.026291,-0.460782
1050,0.383189,-0.216726,0.64831,-0.274075,-0.325783,-0.213743,-0.514344,2.565534,-0.156163,-0.378665,-0.478786,-1.026291,2.170225
1029,0.022775,-0.194008,0.389212,-0.020163,-0.027942,-0.279603,-0.251215,-0.389782,0.020752,-0.378665,-0.478786,0.974382,-0.460782
935,-0.158594,-0.185206,1.0202,-0.19508,-0.49125,-0.314927,-0.378081,-0.389782,-0.111934,-0.378665,-0.478786,0.974382,-0.460782
1425,-0.740154,-0.22363,0.178914,-0.460277,-0.259596,-0.209552,-0.434466,-0.389782,-0.067706,-0.378665,-0.478786,-1.026291,2.170225
1397,-0.474585,-0.222122,-0.764943,-0.21765,-0.49125,-0.155666,0.016613,-0.389782,-0.067706,-0.378665,-0.478786,0.974382,-0.460782
1369,0.508424,-0.190811,-0.163696,-0.341785,-0.193409,-0.331093,-0.00688,-0.389782,-0.288849,-0.378665,-0.478786,0.974382,-0.460782
1563,0.528071,-0.220296,0.653375,-0.189438,-0.094129,-0.168838,-0.547235,-0.389782,-0.200392,-0.378665,-0.478786,0.974382,-0.460782
494,-0.730959,-0.207779,-0.465056,-0.336142,-0.325783,-0.113755,-0.00688,-0.389782,-0.288849,-0.378665,-0.478786,0.974382,-0.460782
657,0.63395,-0.227536,0.525851,-0.35307,-0.292689,-0.353246,-0.575428,-0.389782,-0.200392,-0.378665,2.088616,-1.026291,-0.460782
32,-0.116203,-0.252779,0.586436,-0.369997,-0.259596,-0.212545,-0.833858,-0.389782,-0.288849,-0.378665,2.088616,-1.026291,-0.460782
1817,2.737496,3.527645,-0.8944,0.386095,-0.59053,-0.461017,2.817061,-0.389782,-0.333078,-0.378665,-0.478786,0.974382,-0.460782
1132,-0.89752,-0.250299,-0.92948,-0.499774,-0.325783,-0.22931,-0.23242,-0.389782,-0.24462,2.640859,-0.478786,-1.026291,-0.460782
1497,0.676727,-0.222776,0.697939,-0.257148,-0.425063,-0.332291,-0.580126,-0.389782,-0.288849,-0.378665,-0.478786,0.974382,-0.460782
446,0.356671,-0.219796,-1.01336,-0.364355,-0.39197,-0.228112,0.209261,-0.389782,-0.24462,-0.378665,-0.478786,0.974382,-0.460782
1235,0.008451,-0.230524,0.471435,-0.302287,0.104432,-0.17243,-0.589524,-0.389782,-0.156163,2.640859,-0.478786,-1.026291,-0.460782
1704,-1.404268,0.267069,-2.217788,7.382769,1.692918,2.504478,2.774772,-0.389782,0.772639,-0.378665,-0.478786,-1.026291,2.170225
136,-0.426775,-0.19478,-0.64543,-0.302287,-0.226502,-0.192188,0.21396,-0.389782,-0.156163,2.640859,-0.478786,-1.026291,-0.460782
741,-0.737444,-0.209341,0.079934,-0.110443,-0.061035,-0.273615,-0.265311,-0.389782,-0.333078,-0.378665,2.088616,-1.026291,-0.460782
1096,0.253115,-0.124273,1.090821,0.008049,-0.39197,-0.248469,-0.020977,-0.389782,-0.200392,-0.378665,-0.478786,0.974382,-0.460782
431,0.770218,-0.206979,-0.753618,-0.257148,-0.39197,-0.258048,0.166973,-0.389782,-0.288849,-0.378665,-0.478786,0.974382,-0.460782
1089,-0.397644,-0.190783,-1.468301,-0.144298,-0.358876,-0.280201,0.918771,-0.389782,-0.24462,-0.378665,-0.478786,0.974382,-0.460782
1394,0.607142,-0.184388,-0.657492,-0.443349,-0.425063,-0.211348,0.307935,-0.389782,-0.067706,-0.378665,-0.478786,0.974382,-0.460782
876,-1.063694,-0.204963,0.267029,-0.448992,-0.325783,-0.294571,-0.298202,-0.389782,-0.200392,-0.378665,-0.478786,-1.026291,2.170225
1510,-0.391353,-0.191737,1.35305,-0.381282,-0.259596,-0.210749,-0.504947,-0.389782,-0.111934,-0.378665,-0.478786,0.974382,-0.460782
536,-1.539569,-0.157891,-1.209019,-0.432064,-0.094129,-0.217934,0.92347,-0.389782,-0.288849,2.640859,-0.478786,-1.026291,-0.460782
737,0.236468,-0.251199,-0.186991,-0.369997,-0.094129,-0.180214,-0.594223,-0.389782,-0.200392,-0.378665,-0.478786,-1.026291,2.170225
1274,0.191465,-0.189439,-0.459531,-0.245863,-0.193409,-0.296367,0.152877,-0.389782,-0.288849,-0.378665,-0.478786,-1.026291,2.170225
521,-0.21705,-0.247492,0.035185,-0.488489,-0.39197,-0.265832,-0.627114,-0.389782,-0.288849,-0.378665,2.088616,-1.026291,-0.460782
572,0.110265,-0.209487,0.029016,0.008049,-0.061035,-0.232303,-0.246516,-0.389782,-0.288849,-0.378665,-0.478786,0.974382,-0.460782
353,-0.453777,-0.186341,-0.29039,-0.30793,-0.325783,-0.234698,0.091793,-0.389782,-0.200392,-0.378665,-0.478786,0.974382,-0.460782
708,-0.09917,-0.200276,1.156839,-0.234578,-0.061035,-0.279004,-0.519043,2.565534,-0.333078,-0.378665,-0.478786,0.974382,-0.460782
1567,0.235017,-0.197342,0.131772,-0.093516,-0.259596,-0.452036,-0.185433,-0.389782,-0.24462,-0.378665,-0.478786,-1.026291,2.170225
1313,-0.059489,-0.184107,-0.649205,-0.183795,-0.226502,-0.244278,0.307935,-0.389782,-0.377306,2.640859,-0.478786,-1.026291,-0.460782
1054,-0.126559,-0.225964,-0.615414,-0.161225,-0.193409,-0.116749,-0.114951,-0.389782,-0.156163,-0.378665,2.088616,-1.026291,-0.460782
587,-0.076039,-0.187504,-0.323445,-0.223293,-0.193409,-0.306545,0.096492,-0.389782,-0.200392,-0.378665,-0.478786,0.974382,-0.460782
1035,-0.066651,-0.178548,0.519038,-0.426422,-0.094129,-0.429284,-0.180734,-0.389782,-0.111934,-0.378665,-0.478786,-1.026291,2.170225
1451,-0.200887,-0.232087,0.046971,-0.054018,-0.425063,-0.180813,-0.467357,-0.389782,-0.288849,-0.378665,2.088616,-1.026291,-0.460782
903,0.849579,-0.156874,0.084998,-0.3305,-0.39197,-0.426291,0.13878,-0.389782,-0.288849,-0.378665,2.088616,-1.026291,-0.460782
1419,0.732183,-0.242923,0.814781,-0.358712,-0.127222,-0.192188,-0.786871,-0.389782,-0.24462,-0.378665,-0.478786,-1.026291,2.170225
142,-1.024111,-0.227981,-0.8061,-0.093516,-0.193409,-0.348456,-0.025675,-0.389782,-0.288849,-0.378665,2.088616,-1.026291,-0.460782
1549,-0.016228,-0.194181,-0.429607,-0.048376,-0.226502,-0.197577,0.096492,2.565534,-0.377306,-0.378665,-0.478786,-1.026291,2.170225
1440,-0.088814,-0.195116,1.549169,-0.127371,-0.226502,-0.263437,-0.570729,2.565534,-0.288849,-0.378665,-0.478786,0.974382,-0.460782
74,0.070682,-0.270847,0.578702,-0.606981,-0.325783,-0.292176,-1.026507,-0.389782,-0.156163,-0.378665,-0.478786,0.974382,-0.460782
25,-0.014389,-0.276706,1.437114,-0.274075,-0.226502,-0.310736,-1.209757,-0.389782,-0.24462,-0.378665,2.088616,-1.026291,-0.460782
1357,1.093856,-0.176913,-0.673329,-0.189438,-0.325783,-0.199373,0.383115,-0.389782,-0.111934,-0.378665,-0.478786,0.974382,-0.460782
1301,-0.352447,-0.251489,-0.658597,-0.336142,-0.226502,-0.258048,-0.401574,-0.389782,-0.200392,2.640859,-0.478786,-1.026291,-0.460782
678,0.911229,-0.233304,2.193967,-0.257148,0.038245,-0.322112,-0.946628,-0.389782,-0.24462,-0.378665,-0.478786,0.974382,-0.460782
1847,1.931306,3.375812,-1.44031,0.747214,-0.458157,-0.431679,2.873446,-0.389782,-0.377306,-0.378665,2.088616,-1.026291,-0.460782
1279,-0.690214,-0.22204,-0.187175,-0.30793,-0.39197,-0.110163,-0.279407,-0.389782,-0.156163,-0.378665,2.088616,-1.026291,-0.460782
547,-0.202242,-0.215236,0.145399,-0.313572,-0.325783,-0.216736,-0.34519,-0.389782,-0.333078,-0.378665,-0.478786,0.974382,-0.460782
1680,-1.256677,0.608751,-1.999756,4.26812,2.718815,1.213024,2.755977,-0.389782,1.391841,-0.378665,-0.478786,0.974382,-0.460782
1433,0.208208,-0.18636,0.012259,-0.166868,-0.358876,-0.403539,-0.049169,-0.389782,-0.288849,2.640859,-0.478786,-1.026291,-0.460782
1117,-0.998173,-0.190238,0.916432,-0.30793,-0.160315,-0.02694,-0.382779,-0.389782,-0.111934,-0.378665,2.088616,-1.026291,-0.460782
666,0.578978,-0.21847,0.257269,-0.39821,-0.458157,-0.324507,-0.410972,-0.389782,-0.288849,-0.378665,2.088616,-1.026291,-0.460782
471,-0.940007,-0.18844,0.574559,-0.251505,-0.358876,-0.18201,-0.27001,-0.389782,-0.156163,-0.378665,2.088616,-1.026291,-0.460782
1491,0.598528,-0.246484,-0.497927,-0.279717,-0.160315,-0.429284,-0.410972,-0.389782,-0.288849,-0.378665,-0.478786,0.974382,-0.460782
792,0.978879,-0.280584,0.528521,-0.144298,-0.226502,-0.343666,-1.129879,-0.389782,-0.156163,-0.378665,-0.478786,0.974382,-0.460782
68,0.037873,-0.230179,0.288759,-0.386925,0.071339,-0.267628,-0.52844,-0.389782,-0.111934,2.640859,-0.478786,-1.026291,-0.460782
399,0.696858,-0.142976,0.049365,-0.116086,-0.027942,-0.157462,0.246851,-0.389782,-0.288849,2.640859,-0.478786,-1.026291,-0.460782
1377,0.245179,-0.223811,0.06244,-0.059661,-0.226502,-0.292775,-0.392177,-0.389782,-0.111934,-0.378665,-0.478786,0.974382,-0.460782
674,-0.197887,-0.206398,0.220716,-0.426422,-0.259596,-0.24787,-0.293503,-0.389782,-0.200392,2.640859,-0.478786,-1.026291,-0.460782
523,-0.344801,-0.274943,-0.446273,-0.274075,-0.325783,-0.326902,-0.824461,-0.389782,-0.24462,2.640859,-0.478786,-1.026291,-0.460782
1644,-1.574701,-0.153595,-1.694713,3.117055,5.432478,5.205934,1.459126,2.565534,4.443619,-0.378665,-0.478786,0.974382,-0.460782
506,-0.615886,-0.264215,-0.061217,-0.206365,-0.027942,-0.226316,-0.796268,-0.389782,-0.288849,-0.378665,-0.478786,0.974382,-0.460782
793,-1.769522,-0.199058,-1.15138,-0.245863,-0.226502,-0.344265,0.533474,-0.389782,-0.111934,2.640859,-0.478786,-1.026291,-0.460782
1243,-0.148819,-0.232468,-0.119408,-0.228935,-0.160315,-0.165246,-0.410972,-0.389782,-0.156163,-0.378665,-0.478786,-1.026291,2.170225
1443,0.384641,-0.240107,0.271265,-0.336142,-0.061035,-0.265832,-0.622415,-0.389782,-0.156163,-0.378665,-0.478786,0.974382,-0.460782
125,0.579559,-0.187023,-0.423346,-0.403852,-0.127222,-0.301157,0.152877,-0.389782,-0.333078,-0.378665,-0.478786,0.974382,-0.460782
1763,-1.46466,0.056982,-1.792496,2.304538,1.924572,7.236816,2.248514,2.565534,4.708991,-0.378665,-0.478786,0.974382,-0.460782
26,-1.213125,-0.233249,-0.397013,-0.296645,0.104432,-0.332291,-0.302901,-0.389782,-0.288849,-0.378665,-0.478786,0.974382,-0.460782
725,-0.172143,-0.268112,0.326786,-0.223293,-0.193409,-0.17243,-0.941929,-0.389782,-0.24462,-0.378665,-0.478786,0.974382,-0.460782
973,-0.172433,-0.25674,-0.585213,-0.386925,-0.094129,-0.061067,-0.504947,-0.389782,-0.288849,-0.378665,-0.478786,-1.026291,2.170225
150,0.450839,-0.246947,-1.382027,-0.324857,-0.425063,-0.279004,0.17637,-0.389782,-0.156163,-0.378665,-0.478786,0.974382,-0.460782
1326,-0.055425,-0.225092,-0.490469,0.053189,-0.226502,-0.173029,-0.171336,-0.389782,-0.24462,-0.378665,-0.478786,0.974382,-0.460782
778,0.963491,-0.192173,-0.772401,-0.527987,0.005152,-0.235297,0.317332,2.565534,-0.288849,2.640859,-0.478786,-1.026291,-0.460782
1104,1.354004,-0.217934,0.488101,-0.527987,-0.160315,-0.221526,-0.481453,-0.389782,-0.156163,-0.378665,2.088616,-1.026291,-0.460782
1137,-0.571464,-0.227817,-0.165998,-0.381282,-0.160315,-0.349055,-0.34519,-0.389782,-0.24462,-0.378665,-0.478786,-1.026291,2.170225
393,-0.473521,-0.18814,1.117246,-0.17251,-0.061035,-0.311934,-0.420369,-0.389782,-0.200392,-0.378665,-0.478786,0.974382,-0.460782
63,0.006419,-0.259728,-0.624437,-0.369997,-0.061035,-0.165844,-0.52844,-0.389782,-0.200392,-0.378665,-0.478786,0.974382,-0.460782
348,0.341767,-0.20043,2.372868,-0.251505,-0.358876,-0.362826,-0.75398,-0.389782,-0.023477,-0.378665,2.088616,-1.026291,-0.460782
1003,1.202348,-0.181927,1.425236,-0.556199,-0.425063,-0.170036,-0.453261,-0.389782,-0.24462,-0.378665,-0.478786,0.974382,-0.460782
341,-0.285281,-0.157782,-0.014719,-0.35307,-0.027942,-0.307743,0.17637,-0.389782,-0.288849,-0.378665,-0.478786,0.974382,-0.460782
1808,-1.671385,0.488101,-2.124517,5.13142,3.976366,2.22607,2.78417,-0.389782,1.08224,-0.378665,-0.478786,0.974382,-0.460782
1322,0.773219,-0.165821,0.370153,-0.364355,-0.193409,-0.211946,-0.035073,-0.389782,-0.200392,-0.378665,-0.478786,0.974382,-0.460782
602,-0.679085,-0.226219,0.058388,-0.39821,-0.325783,-0.310138,-0.415671,-0.389782,-0.333078,-0.378665,-0.478786,-1.026291,2.170225
1768,1.833266,-0.133665,-0.959957,-0.042733,-0.027942,-0.046099,0.881181,2.565534,-0.200392,-0.378665,-0.478786,-1.026291,2.170225
423,0.876097,-0.236919,0.441511,-0.488489,-0.39197,-0.337679,-0.64121,-0.389782,-0.333078,-0.378665,-0.478786,0.974382,-0.460782
1807,4.107341,5.781517,-1.494174,0.538442,-0.49125,-0.462813,2.929831,-0.389782,-0.333078,-0.378665,2.088616,-1.026291,-0.460782
898,-0.320993,-0.206371,0.373744,-0.274075,-0.226502,-0.206558,-0.34519,2.565534,-0.333078,-0.378665,-0.478786,0.974382,-0.460782
924,-0.020583,-0.212448,-0.100625,-0.228935,-0.39197,-0.319119,-0.223022,-0.389782,-0.333078,-0.378665,-0.478786,0.974382,-0.460782
174,-0.129753,-0.218488,-0.893203,-0.206365,-0.39197,-0.226915,0.13878,-0.389782,-0.200392,-0.378665,-0.478786,0.974382,-0.460782
1272,-0.786899,-0.247729,-0.513303,-0.14994,-0.259596,-0.344864,-0.420369,2.565534,-0.377306,2.640859,-0.478786,-1.026291,-0.460782
1007,-0.607273,-0.180891,0.106543,-0.443349,0.005152,-0.302354,-0.04447,-0.389782,-0.111934,-0.378665,-0.478786,0.974382,-0.460782
1260,0.691729,-0.191446,-0.049339,-0.465919,-0.358876,-0.356838,-0.063265,-0.389782,-0.023477,-0.378665,2.088616,-1.026291,-0.460782
1500,0.253018,-0.220632,-0.147767,-0.482847,-0.193409,-0.195182,-0.279407,-0.389782,-0.377306,-0.378665,-0.478786,0.974382,-0.460782
1354,-0.078652,-0.247284,0.718932,-0.234578,-0.325783,-0.124532,-0.810365,-0.389782,-0.288849,-0.378665,2.088616,-1.026291,-0.460782
917,1.551922,-0.152795,1.588669,-0.573126,-0.127222,-0.14908,-0.312298,-0.389782,-0.200392,-0.378665,-0.478786,0.974382,-0.460782
316,1.243867,-0.191855,-0.23358,-0.14994,-0.160315,-0.228112,0.016613,-0.389782,-0.377306,-0.378665,-0.478786,0.974382,-0.460782
397,-0.401225,-0.141232,-1.036103,-0.381282,-0.259596,-0.137106,0.895277,-0.389782,-0.24462,-0.378665,-0.478786,-1.026291,2.170225
287,0.521683,-0.293047,-0.668357,-0.296645,-0.524343,-0.267029,-1.059398,-0.389782,-0.111934,-0.378665,-0.478786,-1.026291,2.170225
229,-0.683827,-0.21223,0.483129,-0.533629,-0.39197,-0.21973,-0.429767,-0.389782,-0.200392,-0.378665,-0.478786,0.974382,-0.460782
158,0.750088,-0.152414,-0.022729,-0.336142,0.038245,-0.207157,0.21396,-0.389782,-0.156163,-0.378665,-0.478786,0.974382,-0.460782
404,0.289892,-0.214019,-0.264149,-0.443349,-0.226502,-0.25266,-0.166638,-0.389782,-0.288849,-0.378665,-0.478786,0.974382,-0.460782
299,-0.894617,-0.195225,0.895255,-0.358712,-0.193409,-0.137106,-0.415671,-0.389782,-0.288849,-0.378665,-0.478786,0.974382,-0.460782
694,-0.370836,-0.180491,-0.03783,-0.189438,-0.358876,-0.189195,0.021312,-0.389782,-0.200392,-0.378665,-0.478786,0.974382,-0.460782
957,-0.203984,-0.189829,0.754565,-0.39821,-0.292689,-0.392762,-0.335792,-0.389782,-0.333078,-0.378665,-0.478786,-1.026291,2.170225
1336,0.871839,-0.208088,-0.332284,-0.24022,-0.094129,-0.307743,-0.077362,-0.389782,-0.200392,-0.378665,2.088616,-1.026291,-0.460782
585,-0.516008,-0.186705,-0.266727,-0.516702,-0.127222,-0.264036,0.077697,2.565534,-0.111934,-0.378665,-0.478786,0.974382,-0.460782
753,0.331895,-0.208678,0.785317,-0.426422,-0.027942,-0.296966,-0.486152,-0.389782,-0.24462,-0.378665,-0.478786,-1.026291,2.170225
1337,1.627896,-0.220042,-1.302014,-0.110443,-0.127222,-0.321513,0.448897,-0.389782,-0.288849,-0.378665,-0.478786,0.974382,-0.460782
626,-0.666987,-0.187931,1.218805,-0.341785,-0.127222,-0.349055,-0.443863,-0.389782,-0.111934,-0.378665,2.088616,-1.026291,-0.460782
1696,-1.456046,-0.021564,-1.800138,3.58538,3.678525,5.450215,2.098154,2.565534,4.75322,-0.378665,-0.478786,0.974382,-0.460782
1788,-1.482855,0.257985,-1.965596,4.26812,2.553348,3.327728,2.59622,-0.389782,1.657213,-0.378665,-0.478786,0.974382,-0.460782
1672,-1.187962,0.256069,-2.045333,4.239908,2.751908,1.44533,2.647906,-0.389782,1.214926,-0.378665,-0.478786,0.974382,-0.460782
1526,-0.274344,-0.231324,0.423464,-0.324857,-0.027942,-0.27122,-0.580126,-0.389782,-0.200392,-0.378665,-0.478786,0.974382,-0.460782
550,0.794607,-0.208796,1.484072,-0.516702,-0.226502,-0.290978,-0.650608,-0.389782,-0.156163,2.640859,-0.478786,-1.026291,-0.460782
742,-1.409301,-0.239463,0.21869,-0.099158,-0.127222,-0.325106,-0.598921,-0.389782,-0.333078,-0.378665,2.088616,-1.026291,-0.460782
519,-0.239697,-0.172898,-0.305399,-0.020163,-0.160315,-0.235896,0.204563,-0.389782,-0.24462,-0.378665,-0.478786,0.974382,-0.460782
665,0.448807,-0.203927,-0.538255,-0.386925,-0.425063,-0.230507,0.068299,-0.389782,-0.067706,-0.378665,-0.478786,0.974382,-0.460782
1032,-1.086244,-0.201756,-0.885192,-0.505417,-0.193409,-0.218532,0.303236,2.565534,-0.200392,-0.378665,2.088616,-1.026291,-0.460782
1706,-1.434271,0.299552,-2.248081,3.252474,2.884282,2.928975,2.802965,-0.389782,0.72841,-0.378665,-0.478786,0.974382,-0.460782
1142,-0.561011,-0.228162,0.521247,-0.426422,-0.292689,-0.230507,-0.580126,-0.389782,-0.333078,-0.378665,-0.478786,0.974382,-0.460782
253,0.184981,-0.276642,0.843509,-0.291002,-0.358876,-0.149679,-1.134578,-0.389782,-0.333078,-0.378665,-0.478786,0.974382,-0.460782
1415,-1.274,-0.190011,0.086931,-0.392567,-0.292689,-0.284392,-0.105554,-0.389782,-0.333078,-0.378665,-0.478786,0.974382,-0.460782
635,-0.053295,-0.177448,0.428252,-0.28536,-0.160315,-0.201169,-0.138445,-0.389782,-0.067706,-0.378665,-0.478786,-1.026291,2.170225
1458,-0.931878,-0.232841,0.963206,-0.110443,0.005152,-0.082621,-0.730486,-0.389782,-0.24462,-0.378665,-0.478786,0.974382,-0.460782
1053,0.52449,-0.297571,-0.330167,-0.178153,-0.193409,-0.213743,-1.223854,-0.389782,-0.067706,-0.378665,-0.478786,0.974382,-0.460782
1841,0.673437,-0.119177,-0.231923,0.126541,-0.325783,-0.192787,0.524077,2.565534,0.241895,-0.378665,2.088616,-1.026291,-0.460782
755,1.784295,-0.208969,1.137687,-0.212008,-0.226502,-0.158061,-0.580126,-0.389782,-0.156163,-0.378665,-0.478786,0.974382,-0.460782
346,0.685631,-0.240689,-0.51938,-0.161225,-0.127222,-0.187399,-0.331093,-0.389782,-0.156163,-0.378665,2.088616,-1.026291,-0.460782
1302,-0.688956,-0.266159,0.654295,-0.104801,-0.127222,-0.221526,-0.988917,-0.389782,-0.24462,-0.378665,-0.478786,0.974382,-0.460782
718,-0.27057,-0.180146,0.026623,-0.336142,-0.226502,-0.386775,-0.00688,-0.389782,-0.288849,-0.378665,2.088616,-1.026291,-0.460782
1135,-0.310637,-0.192436,0.554302,-0.324857,-0.49125,-0.231106,-0.293503,-0.389782,-0.200392,-0.378665,-0.478786,-1.026291,2.170225
945,0.544234,-0.268085,0.215099,-0.257148,-0.292689,-0.115551,-0.918436,-0.389782,-0.24462,-0.378665,-0.478786,0.974382,-0.460782
99,0.558751,-0.2613,-0.058731,-0.386925,-0.226502,-0.144889,-0.763377,-0.389782,-0.200392,-0.378665,-0.478786,0.974382,-0.460782
1751,-0.085911,-0.154494,-0.205866,-0.358712,-0.39197,0.013175,0.28914,2.565534,0.020752,-0.378665,2.088616,-1.026291,-0.460782
1774,-1.496501,-0.128924,-2.208581,1.655653,5.697226,4.783233,2.342488,2.565534,4.708991,-0.378665,-0.478786,0.974382,-0.460782
1421,-0.010905,-0.203446,-0.061677,-0.471562,-0.39197,-0.38438,-0.15724,-0.389782,-0.24462,2.640859,-0.478786,-1.026291,-0.460782
709,-0.704345,-0.269747,0.595552,-0.279717,-0.325783,-0.380189,-1.017109,-0.389782,-0.377306,-0.378665,-0.478786,-1.026291,2.170225
881,0.720957,-0.240153,0.748119,-0.37564,-0.193409,-0.261641,-0.749281,-0.389782,-0.288849,-0.378665,-0.478786,-1.026291,2.170225
1748,-1.56899,-0.178593,-1.920664,1.994201,2.851189,4.394659,1.618883,-0.389782,6.035852,-0.378665,-0.478786,0.974382,-0.460782
701,0.193691,-0.196288,0.697294,-0.008879,-0.193409,-0.226316,-0.363985,2.565534,-0.288849,-0.378665,-0.478786,0.974382,-0.460782
981,-0.20892,-0.198913,1.554048,-0.17251,-0.325783,-0.274214,-0.598921,-0.389782,-0.111934,-0.378665,-0.478786,0.974382,-0.460782
1467,0.420063,-0.201411,0.437091,-0.522344,-0.292689,-0.223322,-0.326395,-0.389782,-0.200392,-0.378665,-0.478786,0.974382,-0.460782
1611,-1.445207,-0.179247,-1.908878,3.308899,4.836796,5.232278,1.595389,2.565534,5.858937,-0.378665,-0.478786,0.974382,-0.460782
1083,-0.535074,-0.229107,1.551562,-0.138656,-0.39197,-0.250864,-0.815063,-0.389782,-0.200392,-0.378665,2.088616,-1.026291,-0.460782
418,-0.90594,-0.235729,-0.960786,-0.471562,-0.127222,-0.221526,-0.016278,-0.389782,-0.288849,-0.378665,-0.478786,0.974382,-0.460782
1466,-0.290797,-0.192736,-0.473435,-0.14994,-0.458157,-0.131118,0.134082,-0.389782,-0.333078,-0.378665,-0.478786,0.974382,-0.460782
338,0.280601,-0.212811,0.717551,-0.28536,-0.292689,-0.175424,-0.500248,-0.389782,-0.111934,-0.378665,-0.478786,0.974382,-0.460782
228,-0.364545,-0.18249,0.343635,-0.494132,-0.259596,-0.244278,-0.147843,2.565534,-0.200392,2.640859,-0.478786,-1.026291,-0.460782
302,0.183142,-0.164868,0.544726,-0.228935,-0.127222,-0.329896,-0.091458,-0.389782,-0.333078,-0.378665,-0.478786,0.974382,-0.460782
156,-1.469596,-0.147554,1.151867,-0.511059,-0.259596,-0.267029,-0.171336,-0.389782,-0.156163,-0.378665,-0.478786,0.974382,-0.460782
1489,-0.3238,-0.231996,1.149841,-0.228935,-0.524343,-0.217335,-0.763377,-0.389782,-0.24462,-0.378665,-0.478786,-1.026291,2.170225
1308,-0.615983,-0.169918,0.288483,-0.065303,-0.425063,-0.223322,-0.035073,-0.389782,-0.377306,-0.378665,2.088616,-1.026291,-0.460782
337,1.185314,-0.176876,-1.808148,-0.369997,-0.325783,-0.265233,1.459126,2.565534,-0.111934,-0.378665,-0.478786,0.974382,-0.460782
539,0.049777,-0.233876,1.041193,-0.358712,-0.259596,-0.343666,-0.758678,-0.389782,-0.288849,-0.378665,2.088616,-1.026291,-0.460782
837,1.256836,-0.247729,1.021765,-0.020163,-0.425063,-0.16345,-0.876147,-0.389782,-0.156163,-0.378665,-0.478786,0.974382,-0.460782
1587,-0.503233,-0.222131,0.740845,-0.189438,-0.094129,-0.245475,-0.584825,-0.389782,-0.111934,-0.378665,2.088616,-1.026291,-0.460782
914,0.864,-0.224366,0.140611,-0.347427,-0.358876,-0.330494,-0.425068,-0.389782,-0.200392,2.640859,-0.478786,-1.026291,-0.460782
560,0.013484,-0.15919,0.397775,-0.245863,-0.160315,-0.174227,-0.002182,-0.389782,-0.023477,2.640859,-0.478786,-1.026291,-0.460782
28,0.06894,-0.16336,-0.753065,-0.561841,-0.325783,-0.22452,0.538173,-0.389782,-0.200392,2.640859,-0.478786,-1.026291,-0.460782
1780,-1.421592,-0.110738,-1.943959,3.867504,6.491469,4.132417,1.994782,2.565534,3.691732,-0.378665,-0.478786,0.974382,-0.460782
734,0.172399,-0.202192,-0.866685,-0.460277,-0.160315,-0.211946,0.284441,-0.389782,-0.200392,-0.378665,-0.478786,0.974382,-0.460782
1220,0.000322,-0.204799,0.151568,-0.087873,-0.259596,-0.253259,-0.255914,-0.389782,-0.377306,-0.378665,-0.478786,-1.026291,2.170225
1184,0.111233,-0.216881,-0.858307,-0.527987,-0.259596,-0.281399,0.134082,-0.389782,-0.156163,-0.378665,-0.478786,0.974382,-0.460782
355,-1.262967,-0.196824,-0.550593,-0.369997,-0.49125,-0.284991,0.13878,-0.389782,-0.156163,-0.378665,-0.478786,0.974382,-0.460782
163,1.153473,-0.257621,0.23508,-0.178153,-0.358876,-0.322711,-0.800967,-0.389782,-0.24462,-0.378665,-0.478786,0.974382,-0.460782
402,-0.919974,-0.123065,0.934755,-0.223293,-0.358876,-0.290978,0.035408,-0.389782,-0.333078,-0.378665,2.088616,-1.026291,-0.460782
262,-1.452756,-0.165649,-0.08488,-0.341785,-0.39197,-0.221526,0.152877,-0.389782,-0.156163,-0.378665,2.088616,-1.026291,-0.460782
1145,0.127783,-0.14601,1.430668,-0.228935,-0.458157,-0.235297,-0.237119,-0.389782,-0.156163,-0.378665,-0.478786,0.974382,-0.460782
1834,-0.893165,-0.18348,-0.04584,-0.104801,0.038245,0.14729,0.002517,2.565534,0.06498,-0.378665,-0.478786,-1.026291,2.170225
986,0.014161,-0.190256,1.037786,-0.251505,-0.193409,-0.259246,-0.415671,-0.389782,-0.377306,-0.378665,-0.478786,0.974382,-0.460782
812,-0.468585,-0.247265,-1.590208,-0.155583,-0.59053,-0.31852,0.397211,-0.389782,-0.377306,-0.378665,-0.478786,-1.026291,2.170225
1058,-0.496748,-0.241325,0.655584,-0.561841,-0.027942,-0.288583,-0.735185,-0.389782,-0.24462,-0.378665,2.088616,-1.026291,-0.460782
1849,-1.420721,0.653778,-2.147536,2.259398,0.799395,2.473344,2.831157,-0.389782,1.08224,-0.378665,-0.478786,-1.026291,2.170225
1570,0.095845,-0.261454,1.629642,-0.144298,-0.226502,-0.223322,-1.092289,-0.389782,-0.111934,2.640859,-0.478786,-1.026291,-0.460782
1730,-1.345135,0.33169,-2.346877,5.216057,1.759105,3.575002,2.878144,-0.389782,1.480298,-0.378665,-0.478786,0.974382,-0.460782
31,0.983525,-0.227118,0.589014,-0.477204,-0.127222,-0.350252,-0.589524,-0.389782,-0.111934,-0.378665,-0.478786,0.974382,-0.460782
1100,-0.105654,-0.296962,-0.352172,-0.488489,-0.061035,-0.244876,-1.209757,-0.389782,-0.156163,-0.378665,-0.478786,0.974382,-0.460782
13,0.034873,-0.218343,0.702266,-0.409495,-0.027942,-0.250864,-0.542537,-0.389782,-0.067706,2.640859,-0.478786,-1.026291,-0.460782
123,-0.208823,-0.186759,-0.198224,-0.432064,-0.193409,-0.223322,0.044806,-0.389782,-0.333078,-0.378665,-0.478786,-1.026291,2.170225
796,0.273245,-0.187395,-0.684286,-0.21765,-0.193409,-0.256851,0.303236,-0.389782,-0.24462,-0.378665,-0.478786,0.974382,-0.460782
1310,-0.503523,-0.24583,-0.042802,-0.274075,-0.358876,-0.305947,-0.584825,-0.389782,-0.200392,-0.378665,-0.478786,0.974382,-0.460782
1629,4.768262,5.790928,-1.155892,0.651291,-0.524343,-0.414915,2.901638,2.565534,-0.333078,-0.378665,-0.478786,0.974382,-0.460782
1093,-0.315767,-0.275897,1.244586,-0.020163,-0.226502,-0.263437,-1.181565,-0.389782,-0.200392,-0.378665,-0.478786,-1.026291,2.170225
515,0.123524,-0.241397,-0.219861,-0.437707,-0.193409,-0.231106,-0.472056,-0.389782,-0.377306,-0.378665,2.088616,-1.026291,-0.460782
1031,0.201433,-0.273008,-0.40576,-0.257148,-0.193409,-0.216138,-0.810365,-0.389782,-0.24462,-0.378665,-0.478786,0.974382,-0.460782
1545,0.238598,-0.237173,0.013456,-0.14994,-0.193409,-0.222724,-0.509645,-0.389782,-0.200392,-0.378665,-0.478786,0.974382,-0.460782
190,-0.261472,-0.184952,0.403116,-0.17251,-0.226502,-0.117946,-0.185433,-0.389782,-0.288849,-0.378665,-0.478786,0.974382,-0.460782
1721,0.203756,-0.230724,-0.856189,-0.477204,-0.127222,-0.258647,-0.025675,2.565534,-0.288849,-0.378665,2.088616,-1.026291,-0.460782
576,0.340605,-0.209205,0.703923,-0.35307,-0.325783,-0.295768,-0.467357,-0.389782,-0.200392,-0.378665,-0.478786,0.974382,-0.460782
1830,2.149161,-0.10775,0.702358,-0.279717,0.071339,0.049099,0.195165,2.565534,-0.111934,-0.378665,-0.478786,0.974382,-0.460782
162,1.260997,-0.215654,0.067688,-0.347427,-0.127222,-0.181411,-0.316997,-0.389782,-0.200392,-0.378665,-0.478786,-1.026291,2.170225
213,-1.44182,-0.183961,0.967073,-0.324857,-0.292689,-0.123934,-0.354587,-0.389782,-0.24462,-0.378665,2.088616,-1.026291,-0.460782
57,0.978202,-0.265233,0.903817,-0.561841,-0.425063,-0.281399,-1.021808,-0.389782,-0.200392,-0.378665,-0.478786,0.974382,-0.460782
800,-1.517212,-0.208515,0.921864,-0.268433,-0.557437,-0.199373,-0.523742,-0.389782,-0.200392,-0.378665,-0.478786,0.974382,-0.460782
138,-0.713152,-0.183235,0.02653,-0.448992,-0.127222,-0.21015,-0.030374,-0.389782,-0.24462,-0.378665,-0.478786,-1.026291,2.170225
1256,-0.283829,-0.178121,1.394483,-0.257148,-0.127222,-0.250265,-0.425068,-0.389782,-0.067706,-0.378665,-0.478786,0.974382,-0.460782
648,-0.215695,-0.253488,1.186855,-0.465919,-0.226502,-0.208354,-0.956025,-0.389782,-0.200392,-0.378665,2.088616,-1.026291,-0.460782
276,0.298118,-0.140405,-0.93123,-0.302287,-0.259596,-0.334087,0.820097,-0.389782,-0.288849,-0.378665,-0.478786,0.974382,-0.460782
822,0.181303,-0.250118,0.880062,-0.37564,-0.259596,-0.216138,-0.871448,-0.389782,-0.067706,2.640859,-0.478786,-1.026291,-0.460782
1507,-0.584819,-0.207588,0.622898,-0.494132,-0.292689,-0.231106,-0.434466,-0.389782,-0.200392,-0.378665,2.088616,-1.026291,-0.460782
971,-0.664277,-0.168737,0.030213,-0.093516,-0.458157,-0.331692,0.077697,-0.389782,-0.200392,2.640859,-0.478786,-1.026291,-0.460782
1345,-0.244826,-0.248183,-0.181006,-0.206365,-0.193409,-0.368813,-0.561332,-0.389782,-0.156163,-0.378665,-0.478786,0.974382,-0.460782
1422,-0.823095,-0.235775,1.161442,-0.35307,-0.061035,-0.280201,-0.796268,-0.389782,-0.111934,-0.378665,-0.478786,-1.026291,2.170225
980,-0.245987,-0.128233,-0.421873,-0.104801,-0.061035,-0.184405,0.571064,-0.389782,-0.377306,-0.378665,-0.478786,0.974382,-0.460782
877,0.05481,-0.251244,-0.068491,-0.093516,-0.193409,-0.31373,-0.636511,-0.389782,-0.156163,-0.378665,2.088616,-1.026291,-0.460782
926,1.037626,-0.134365,-0.743582,-0.302287,-0.127222,-0.355641,0.726123,-0.389782,-0.333078,-0.378665,-0.478786,0.974382,-0.460782
371,-0.589271,-0.184915,0.267582,-0.437707,-0.193409,-0.310736,-0.138445,-0.389782,-0.288849,-0.378665,-0.478786,-1.026291,2.170225
603,0.649725,-0.220105,0.568298,-0.155583,-0.358876,-0.232303,-0.523742,-0.389782,-0.333078,2.640859,-0.478786,-1.026291,-0.460782
312,-0.30183,-0.288787,0.045774,-0.24022,-0.292689,-0.253259,-1.158071,-0.389782,-0.24462,-0.378665,-0.478786,0.974382,-0.460782
359,-0.557237,-0.226037,0.825554,-0.189438,-0.49125,-0.215539,-0.64121,-0.389782,-0.288849,-0.378665,-0.478786,-1.026291,2.170225
243,0.910164,-0.209214,-0.617071,-0.35307,-0.193409,-0.296966,0.058902,-0.389782,-0.111934,-0.378665,-0.478786,0.974382,-0.460782
1699,-1.408043,0.209143,-1.912377,2.078839,1.825292,2.467956,2.52104,-0.389782,1.436069,-0.378665,-0.478786,0.974382,-0.460782
329,1.424171,-0.26586,0.77657,-0.183795,-0.358876,-0.251462,-1.007712,-0.389782,-0.333078,-0.378665,-0.478786,0.974382,-0.460782
872,-0.02881,-0.18863,-0.243709,-0.24022,-0.325783,-0.132914,0.049504,-0.389782,-0.156163,-0.378665,2.088616,-1.026291,-0.460782
1383,-0.325929,-0.223121,-1.852621,-0.291002,-0.193409,-0.293373,1.10672,-0.389782,-0.377306,-0.378665,-0.478786,-1.026291,2.170225
1575,-0.215985,-0.21391,0.719208,0.024976,-0.193409,-0.159857,-0.509645,-0.389782,-0.288849,-0.378665,-0.478786,0.974382,-0.460782
19,-0.511556,-0.209396,0.813953,-0.121728,-0.061035,-0.209552,-0.500248,-0.389782,-0.067706,-0.378665,-0.478786,0.974382,-0.460782
110,1.11418,-0.238563,-0.320315,-0.279717,-0.425063,-0.364023,-0.396876,-0.389782,-0.111934,-0.378665,-0.478786,0.974382,-0.460782
469,-0.333381,-0.200594,-0.081013,-0.234578,-0.226502,-0.128723,-0.124349,-0.389782,-0.156163,-0.378665,-0.478786,0.974382,-0.460782
711,-0.357189,-0.266623,0.057375,-0.409495,-0.160315,-0.204163,-0.862051,-0.389782,-0.067706,-0.378665,-0.478786,0.974382,-0.460782
1246,0.574236,-0.213274,-0.116369,-0.189438,-0.160315,-0.308341,-0.223022,-0.389782,-0.24462,-0.378665,-0.478786,0.974382,-0.460782
1237,-1.108988,-0.222948,1.752285,-0.516702,-0.127222,-0.32331,-0.805666,-0.389782,-0.288849,-0.378665,-0.478786,0.974382,-0.460782
685,-1.319585,-0.183734,-0.192699,-0.488489,-0.094129,-0.140099,0.063601,-0.389782,-0.288849,-0.378665,-0.478786,0.974382,-0.460782
1296,0.321539,-0.316801,1.272116,-0.24022,-0.259596,-0.283195,-1.632644,-0.389782,-0.156163,-0.378665,-0.478786,0.974382,-0.460782
813,0.132041,-0.172643,1.169729,-0.35307,-0.094129,-0.171832,-0.331093,-0.389782,-0.156163,-0.378665,-0.478786,-1.026291,2.170225
223,0.417547,-0.22234,0.11483,-0.494132,-0.259596,-0.231704,-0.396876,-0.389782,-0.200392,-0.378665,-0.478786,-1.026291,2.170225
111,-0.008486,-0.251553,0.026162,-0.30793,-0.325783,-0.348456,-0.674101,-0.389782,-0.111934,-0.378665,-0.478786,0.974382,-0.460782
1713,-1.383751,0.413289,-2.098828,4.838011,2.851189,2.594287,2.751279,-0.389782,1.524527,-0.378665,-0.478786,0.974382,-0.460782
1688,-1.599283,-0.032846,-1.904274,3.241189,5.399385,3.825868,2.178033,2.565534,5.239735,-0.378665,-0.478786,0.974382,-0.460782
690,0.545105,-0.240235,-0.598012,-0.228935,-0.325783,-0.256252,-0.288805,-0.389782,-0.288849,-0.378665,-0.478786,0.974382,-0.460782
858,-0.860163,-0.181718,1.5732,-0.319215,-0.061035,-0.18201,-0.486152,-0.389782,-0.288849,-0.378665,2.088616,-1.026291,-0.460782
378,-1.204027,-0.173143,0.158105,-0.324857,-0.458157,-0.401144,-0.00688,-0.389782,-0.288849,-0.378665,-0.478786,0.974382,-0.460782
1298,-0.187241,-0.211276,0.650796,-0.437707,-0.358876,-0.213144,-0.472056,-0.389782,-0.24462,2.640859,-0.478786,-1.026291,-0.460782
1488,-1.372814,-0.260691,0.477052,-0.3305,-0.325783,-0.392762,-0.894942,-0.389782,-0.288849,-0.378665,-0.478786,0.974382,-0.460782
1602,-1.378912,0.146847,-2.002702,5.148347,1.858385,3.243307,2.535137,-0.389782,0.993783,-0.378665,-0.478786,0.974382,-0.460782
829,-0.270086,-0.167956,0.826567,-0.144298,-0.127222,-0.073042,-0.204227,-0.389782,-0.067706,2.640859,-0.478786,-1.026291,-0.460782
529,0.695793,-0.231542,0.811098,-0.28536,-0.127222,-0.256851,-0.683499,-0.389782,-0.200392,-0.378665,2.088616,-1.026291,-0.460782
757,0.531362,-0.205036,2.03698,-0.234578,0.071339,-0.256851,-0.725787,-0.389782,-0.333078,-0.378665,-0.478786,0.974382,-0.460782
497,0.622917,-0.193808,0.662674,-0.042733,-0.259596,-0.134711,-0.335792,-0.389782,-0.200392,-0.378665,-0.478786,0.974382,-0.460782
268,0.287472,-0.171163,2.518714,-0.409495,-0.127222,-0.284991,-0.60362,-0.389782,-0.288849,-0.378665,-0.478786,-1.026291,2.170225
1733,-1.207415,-0.310706,2.171777,-0.426422,0.203713,0.120347,-1.585656,2.565534,-0.200392,-0.378665,-0.478786,0.974382,-0.460782
1499,0.517715,-0.183807,0.661477,-0.093516,-0.292689,-0.229908,-0.260612,-0.389782,-0.156163,-0.378665,-0.478786,0.974382,-0.460782
1247,-0.14669,-0.220151,1.417778,-0.28536,-0.325783,-0.309539,-0.721089,-0.389782,-0.24462,-0.378665,-0.478786,0.974382,-0.460782
1603,-1.496404,0.209324,-1.980512,2.761579,1.692918,2.224872,2.572726,-0.389782,1.126469,-0.378665,-0.478786,0.974382,-0.460782
394,0.070875,-0.250699,0.004617,-0.059661,-0.292689,-0.180813,-0.655306,-0.389782,-0.156163,-0.378665,-0.478786,0.974382,-0.460782
453,0.579752,-0.216399,1.269354,-0.516702,-0.160315,-0.160456,-0.664704,-0.389782,-0.333078,2.640859,-0.478786,-1.026291,-0.460782
654,-0.990721,-0.196542,0.693059,-0.059661,-0.292689,-0.234698,-0.368683,-0.389782,-0.333078,-0.378665,-0.478786,0.974382,-0.460782
632,-0.555591,-0.19974,-1.870207,-0.291002,0.038245,-0.259845,1.36985,-0.389782,-0.067706,-0.378665,-0.478786,0.974382,-0.460782
923,-1.124086,-0.201293,-0.369298,-0.392567,-0.193409,-0.137704,0.002517,-0.389782,-0.156163,-0.378665,-0.478786,-1.026291,2.170225
1170,-0.544074,-0.177557,-0.313961,-0.26279,-0.39197,-0.262838,0.171672,-0.389782,-0.24462,-0.378665,-0.478786,0.974382,-0.460782
60,0.168334,-0.203328,0.720773,-0.403852,-0.325783,-0.181411,-0.425068,-0.389782,-0.24462,-0.378665,-0.478786,-1.026291,2.170225
1101,-0.813321,-0.210077,1.428735,-0.070946,-0.127222,-0.340074,-0.650608,2.565534,-0.288849,-0.378665,2.088616,-1.026291,-0.460782
1816,-1.403107,-0.096804,-2.181419,2.874428,6.259815,4.99159,2.384777,-0.389782,3.205216,-0.378665,-0.478786,0.974382,-0.460782
908,-0.281313,-0.268494,0.411126,-0.19508,-0.027942,-0.280201,-0.965423,2.565534,-0.156163,-0.378665,2.088616,-1.026291,-0.460782
1004,0.391028,-0.233831,2.135131,-0.454634,-0.226502,-0.338278,-0.941929,-0.389782,-0.24462,-0.378665,-0.478786,0.974382,-0.460782
746,0.673921,-0.262817,-0.537058,-0.183795,-0.259596,-0.358635,-0.613018,-0.389782,-0.333078,-0.378665,-0.478786,-1.026291,2.170225
1839,-0.836161,-0.167974,-0.782437,-0.3305,-0.259596,-0.138303,0.519378,2.565534,-0.24462,-0.378665,-0.478786,0.974382,-0.460782
645,0.649241,-0.222394,0.035278,-0.155583,-0.193409,-0.190991,-0.368683,-0.389782,-0.24462,-0.378665,-0.478786,0.974382,-0.460782
637,0.284762,-0.290086,-0.560537,-0.432064,-0.358876,-0.168838,-1.035904,-0.389782,-0.377306,-0.378665,-0.478786,0.974382,-0.460782
30,0.524587,-0.209623,-0.116922,-0.087873,-0.259596,-0.336482,-0.190131,-0.389782,-0.24462,-0.378665,-0.478786,0.974382,-0.460782
332,-0.068684,-0.216808,-0.423899,-0.037091,-0.127222,-0.411323,-0.11965,-0.389782,-0.200392,-0.378665,-0.478786,-1.026291,2.170225
1679,2.241684,7.631457,-0.849375,0.876991,-0.59053,-0.435272,2.911036,-0.389782,-0.333078,-0.378665,2.088616,-1.026291,-0.460782
1745,-1.548376,0.640443,-2.008595,4.826726,1.692918,1.235775,2.765375,-0.389782,0.772639,-0.378665,-0.478786,0.974382,-0.460782
670,-0.521137,-0.238318,-0.011404,-0.14994,-0.226502,-0.308341,-0.514344,-0.389782,-0.156163,-0.378665,-0.478786,0.974382,-0.460782
103,0.792091,-0.191147,0.983278,-0.403852,-0.358876,-0.174227,-0.406273,-0.389782,-0.288849,-0.378665,-0.478786,0.974382,-0.460782
841,0.346993,-0.235784,-0.760339,-0.065303,-0.160315,-0.167641,-0.143144,-0.389782,-0.067706,-0.378665,-0.478786,0.974382,-0.460782
1019,-1.09089,-0.204754,-0.129076,-0.087873,-0.226502,-0.222724,-0.143144,-0.389782,-0.156163,2.640859,-0.478786,-1.026291,-0.460782
884,0.252147,-0.141977,-1.706406,-0.426422,0.005152,-0.201768,1.543703,-0.389782,-0.156163,-0.378665,-0.478786,-1.026291,2.170225
891,-1.011045,-0.187368,0.782555,-0.155583,-0.226502,-0.338278,-0.326395,-0.389782,-0.288849,-0.378665,-0.478786,0.974382,-0.460782
1588,1.045755,-0.162878,-0.131193,-0.121728,-0.193409,-0.127526,0.195165,-0.389782,-0.333078,-0.378665,-0.478786,-1.026291,2.170225
1141,-0.872454,-0.246239,0.218598,-0.065303,-0.292689,-0.322112,-0.669402,2.565534,-0.288849,-0.378665,2.088616,-1.026291,-0.460782
1659,3.90381,3.983862,-1.400442,0.995483,-0.425063,-0.444253,2.887542,-0.389782,-0.288849,-0.378665,2.088616,-1.026291,-0.460782
562,0.363639,-0.230252,-0.922299,-0.110443,-0.292689,-0.259246,0.026011,-0.389782,-0.24462,-0.378665,-0.478786,-1.026291,2.170225
1398,-0.376062,-0.275724,-0.030648,-0.567484,-0.160315,-0.228112,-0.956025,-0.389782,-0.288849,-0.378665,-0.478786,0.974382,-0.460782
769,0.138719,-0.194726,-1.071459,-0.392567,-0.425063,-0.281997,0.509981,-0.389782,-0.24462,-0.378665,-0.478786,-1.026291,2.170225
1795,-1.513922,0.058572,-2.023879,2.535879,4.96917,5.469973,2.459957,-0.389782,6.610824,-0.378665,-0.478786,0.974382,-0.460782
601,-0.844581,-0.306282,-0.429976,-0.178153,-0.325783,-0.209552,-1.369514,-0.389782,-0.333078,-0.378665,-0.478786,-1.026291,2.170225
97,1.168474,-0.192409,0.278539,-0.099158,0.005152,-0.390966,-0.199529,2.565534,-0.200392,2.640859,-0.478786,-1.026291,-0.460782
367,-0.034713,-0.163205,-0.403458,-0.127371,-0.292689,-0.12094,0.32673,-0.389782,-0.24462,-0.378665,-0.478786,0.974382,-0.460782
513,0.722021,-0.213665,1.415937,-0.347427,-0.160315,-0.110762,-0.674101,-0.389782,-0.200392,-0.378665,2.088616,-1.026291,-0.460782
1189,0.532813,-0.238754,0.293639,-0.223293,-0.226502,-0.303552,-0.617716,-0.389782,-0.023477,-0.378665,-0.478786,0.974382,-0.460782
1087,-0.379352,-0.270247,-1.463329,-0.025806,-0.259596,-0.238889,-0.152541,-0.389782,-0.288849,-0.378665,-0.478786,0.974382,-0.460782
612,-1.509663,-0.173379,-0.624161,-0.212008,-0.292689,-0.281399,0.378416,-0.389782,-0.156163,2.640859,-0.478786,-1.026291,-0.460782
279,-0.875357,-0.139234,-0.697176,-0.268433,-0.193409,-0.21494,0.665039,-0.389782,-0.156163,2.640859,-0.478786,-1.026291,-0.460782
617,-0.34693,-0.182526,0.137572,-0.166868,-0.127222,-0.156864,-0.067964,-0.389782,-0.288849,-0.378665,-0.478786,0.974382,-0.460782
1173,0.471164,-0.167711,0.175415,-0.3305,-0.425063,-0.200571,0.026011,-0.389782,-0.24462,-0.378665,-0.478786,-1.026291,2.170225
1334,-0.203404,-0.238936,0.185175,-0.392567,-0.193409,-0.19159,-0.584825,-0.389782,-0.111934,2.640859,-0.478786,-1.026291,-0.460782
1344,-0.472166,-0.274616,-0.371416,-0.279717,-0.193409,-0.394558,-0.843256,-0.389782,-0.156163,-0.378665,2.088616,-1.026291,-0.460782
1217,0.855386,-0.159781,-0.50695,-0.166868,-0.425063,-0.287386,0.411307,-0.389782,-0.24462,-0.378665,-0.478786,0.974382,-0.460782
51,0.200853,-0.226128,-0.639261,-0.031448,-0.524343,-0.310138,-0.100855,-0.389782,-0.156163,2.640859,-0.478786,-1.026291,-0.460782
1591,-0.221889,-0.142649,0.046327,-0.296645,-0.127222,-0.226915,0.246851,-0.389782,-0.24462,-0.378665,-0.478786,0.974382,-0.460782
16,-0.15027,-0.18606,0.565443,-0.014521,-0.259596,-0.280201,-0.246516,-0.389782,-0.200392,-0.378665,-0.478786,0.974382,-0.460782
995,-0.027939,-0.22967,-0.383478,-0.279717,-0.259596,-0.19638,-0.27001,-0.389782,-0.288849,-0.378665,-0.478786,-1.026291,2.170225
777,-0.082136,-0.196833,-1.319324,-0.437707,-0.127222,-0.232303,0.707328,-0.389782,-0.288849,-0.378665,2.088616,-1.026291,-0.460782
115,0.705859,-0.187368,-0.757117,-0.420779,-0.127222,-0.274813,0.345525,-0.389782,-0.200392,-0.378665,-0.478786,0.974382,-0.460782
1228,0.24876,-0.182027,0.66074,-0.3305,-0.160315,-0.320316,-0.251215,2.565534,-0.24462,-0.378665,2.088616,-1.026291,-0.460782
763,-1.769522,-0.203182,0.128365,-0.104801,-0.358876,-0.164647,-0.23242,-0.389782,-0.377306,-0.378665,-0.478786,0.974382,-0.460782
672,-1.769522,-0.142758,0.937885,-0.17251,-0.160315,-0.174825,-0.08206,2.565534,-0.023477,-0.378665,-0.478786,0.974382,-0.460782
533,0.313894,-0.179474,0.416559,-0.319215,-0.160315,-0.200571,-0.152541,-0.389782,-0.200392,-0.378665,-0.478786,0.974382,-0.460782
1187,-0.623822,-0.196488,1.254346,-0.296645,-0.127222,-0.287386,-0.514344,-0.389782,-0.156163,-0.378665,-0.478786,0.974382,-0.460782
1055,-0.494135,-0.203591,0.643707,-0.234578,-0.259596,-0.223921,-0.406273,-0.389782,-0.288849,-0.378665,-0.478786,0.974382,-0.460782
205,-0.293701,-0.153395,-0.363313,-0.161225,-0.259596,-0.216736,0.378416,-0.389782,-0.377306,-0.378665,-0.478786,0.974382,-0.460782
258,-0.383804,-0.209677,0.476683,-0.138656,-0.458157,-0.462813,-0.406273,-0.389782,-0.333078,2.640859,-0.478786,-1.026291,-0.460782
1327,0.029259,-0.152668,1.157391,-0.494132,-0.358876,-0.161653,-0.204227,-0.389782,-0.200392,-0.378665,-0.478786,0.974382,-0.460782
1453,0.167076,-0.131631,0.484602,-0.251505,-0.160315,-0.300558,0.13878,-0.389782,-0.156163,-0.378665,2.088616,-1.026291,-0.460782
842,1.095307,-0.252507,-0.01076,-0.116086,0.005152,-0.065258,-0.669402,-0.389782,-0.200392,2.640859,-0.478786,-1.026291,-0.460782
1612,-0.760768,-0.225119,-0.716696,-0.099158,-0.160315,-0.137106,-0.04447,2.565534,-0.24462,-0.378665,-0.478786,0.974382,-0.460782
644,-0.378772,-0.27091,0.395197,-0.488489,-0.292689,-0.358036,-0.993615,2.565534,-0.333078,-0.378665,-0.478786,0.974382,-0.460782
863,0.039421,-0.184052,-0.042249,-0.347427,-0.226502,-0.122736,-0.00688,-0.389782,0.020752,2.640859,-0.478786,-1.026291,-0.460782
425,0.10562,-0.217762,0.872328,-0.257148,-0.094129,-0.135309,-0.584825,2.565534,-0.377306,-0.378665,-0.478786,0.974382,-0.460782
809,-0.928781,-0.230115,0.781819,-0.319215,-0.193409,-0.364622,-0.664704,-0.389782,-0.24462,-0.378665,-0.478786,0.974382,-0.460782
1138,-0.888133,-0.208914,1.127651,-0.39821,-0.127222,-0.292176,-0.575428,-0.389782,-0.156163,-0.378665,-0.478786,0.974382,-0.460782
1739,0.587979,7.718206,-1.163074,0.538442,-0.358876,-0.422698,2.929831,2.565534,-0.333078,-0.378665,-0.478786,0.974382,-0.460782
1102,-0.021261,-0.146973,0.382123,-0.228935,-0.193409,-0.228711,0.082396,-0.389782,-0.111934,-0.378665,-0.478786,0.974382,-0.460782
1221,0.718537,-0.21451,0.580359,-0.110443,-0.061035,-0.201768,-0.476754,-0.389782,-0.24462,2.640859,-0.478786,-1.026291,-0.460782
466,0.001289,-0.22115,1.440981,-0.347427,-0.226502,-0.277208,-0.735185,-0.389782,-0.288849,-0.378665,-0.478786,0.974382,-0.460782
127,-1.055468,-0.225955,0.547949,-0.183795,0.071339,-0.1868,-0.56603,-0.389782,-0.24462,-0.378665,2.088616,-1.026291,-0.460782
1492,1.254319,-0.259365,1.312905,-0.189438,-0.292689,-0.168239,-1.031205,-0.389782,-0.111934,-0.378665,-0.478786,0.974382,-0.460782
1399,0.439322,-0.221232,-0.314238,-0.268433,-0.127222,-0.307743,-0.213625,-0.389782,-0.156163,-0.378665,-0.478786,0.974382,-0.460782
866,-0.485231,-0.201974,0.709816,-0.302287,-0.49125,-0.140698,-0.415671,-0.389782,-0.377306,-0.378665,-0.478786,0.974382,-0.460782
161,0.520329,-0.261872,0.454954,-0.488489,-0.226502,-0.261042,-0.899641,-0.389782,-0.111934,2.640859,-0.478786,-1.026291,-0.460782
972,0.03013,-0.26437,0.904002,-0.3305,-0.094129,-0.270622,-1.01241,-0.389782,-0.023477,-0.378665,-0.478786,0.974382,-0.460782
145,-0.641533,-0.257521,0.478617,-0.392567,-0.160315,-0.400545,-0.857352,-0.389782,-0.156163,-0.378665,-0.478786,0.974382,-0.460782
233,-0.170304,-0.238809,0.088773,-0.19508,-0.193409,-0.113156,-0.551934,-0.389782,-0.24462,-0.378665,-0.478786,-1.026291,2.170225
720,-0.316831,-0.201838,-0.591106,-0.556199,-0.259596,-0.444253,0.115287,-0.389782,-0.200392,-0.378665,-0.478786,0.974382,-0.460782
92,-1.67245,-0.207143,0.642602,-0.358712,-0.061035,-0.254456,-0.434466,2.565534,-0.288849,-0.378665,-0.478786,-1.026291,2.170225
1423,0.092167,-0.175614,0.882364,-0.268433,-0.325783,-0.292176,-0.27001,-0.389782,-0.200392,-0.378665,2.088616,-1.026291,-0.460782
782,0.109104,-0.254896,-0.83492,-0.403852,-0.160315,-0.241883,-0.354587,-0.389782,-0.288849,-0.378665,-0.478786,-1.026291,2.170225
1670,-1.517406,-0.043901,-1.844702,2.896998,6.359095,6.115999,2.088757,2.565534,4.885906,-0.378665,-0.478786,0.974382,-0.460782
505,-0.511265,-0.224029,-0.931322,-0.24022,-0.193409,-0.298163,0.10119,2.565534,-0.288849,2.640859,-0.478786,-1.026291,-0.460782
740,-0.211533,-0.149852,-0.119039,-0.527987,-0.127222,-0.329297,0.275044,-0.389782,-0.377306,-0.378665,-0.478786,0.974382,-0.460782
979,-0.676665,-0.238254,0.146872,-0.539272,-0.027942,-0.190991,-0.56603,-0.389782,-0.111934,-0.378665,-0.478786,-1.026291,2.170225
1408,0.936973,-0.171308,1.659566,-0.369997,-0.458157,-0.198176,-0.439164,-0.389782,-0.156163,-0.378665,-0.478786,0.974382,-0.460782
120,0.828868,-0.206607,0.289588,-0.037091,-0.127222,-0.242482,-0.316997,-0.389782,-0.200392,2.640859,-0.478786,-1.026291,-0.460782
370,-0.801997,-0.161761,-1.417476,-0.228935,-0.259596,-0.146685,1.092624,-0.389782,-0.24462,-0.378665,-0.478786,0.974382,-0.460782
1392,-0.949976,-0.152241,-0.464411,-0.223293,-0.292689,-0.307144,0.4395,-0.389782,-0.156163,-0.378665,-0.478786,-1.026291,2.170225
1227,-0.27328,-0.269484,1.137595,-0.313572,-0.49125,-0.273615,-1.101686,-0.389782,-0.111934,-0.378665,-0.478786,-1.026291,2.170225
1480,-0.743831,-0.25832,-0.997247,-0.110443,-0.061035,-0.212545,-0.3076,-0.389782,-0.156163,-0.378665,2.088616,-1.026291,-0.460782
277,-0.485328,-0.187159,1.330031,-0.155583,-0.160315,-0.405934,-0.467357,-0.389782,-0.24462,-0.378665,-0.478786,0.974382,-0.460782
1257,-0.055231,-0.225755,0.98558,-0.511059,-0.259596,-0.196978,-0.674101,-0.389782,-0.377306,-0.378665,-0.478786,0.974382,-0.460782
255,-0.189757,-0.260355,-0.771204,-0.3305,-0.259596,-0.281997,-0.467357,-0.389782,-0.24462,-0.378665,2.088616,-1.026291,-0.460782
227,-0.839548,-0.200403,-0.325655,-0.3305,-0.292689,-0.205959,-0.011579,-0.389782,-0.24462,-0.378665,2.088616,-1.026291,-0.460782
101,-0.213856,-0.185306,1.042206,-0.14994,-0.458157,-0.304749,-0.382779,-0.389782,-0.067706,2.640859,-0.478786,-1.026291,-0.460782
1352,1.22422,-0.242833,1.239245,-0.087873,-0.094129,-0.192787,-0.871448,-0.389782,-0.156163,-0.378665,2.088616,-1.026291,-0.460782
643,0.128267,-0.179265,1.171663,-0.302287,-0.524343,-0.22452,-0.373382,2.565534,-0.24462,-0.378665,-0.478786,0.974382,-0.460782
535,-0.403161,-0.169564,0.904094,-0.533629,0.005152,-0.222724,-0.237119,-0.389782,-0.200392,-0.378665,-0.478786,0.974382,-0.460782
1205,-0.122591,-0.24177,0.204511,-0.409495,-0.358876,-0.316125,-0.622415,-0.389782,-0.24462,-0.378665,-0.478786,0.974382,-0.460782
697,-0.262053,-0.193327,0.744805,-0.21765,-0.226502,-0.326303,-0.359286,-0.389782,-0.200392,2.640859,-0.478786,-1.026291,-0.460782
671,-0.857259,-0.177067,-1.34667,-0.251505,-0.358876,-0.232902,0.909373,-0.389782,-0.288849,-0.378665,-0.478786,0.974382,-0.460782
185,0.369349,-0.254578,0.029569,-0.19508,-0.094129,-0.104176,-0.706992,-0.389782,-0.288849,2.640859,-0.478786,-1.026291,-0.460782
1411,-0.118429,-0.181927,0.703831,-0.409495,-0.292689,-0.357437,-0.260612,-0.389782,-0.288849,-0.378665,-0.478786,0.974382,-0.460782
1783,-1.619704,-0.074104,-1.945616,1.226824,4.803703,5.978891,2.121648,-0.389782,5.549336,-0.378665,-0.478786,0.974382,-0.460782
1665,-1.639931,-0.197233,-2.018355,2.123978,6.88859,5.80526,1.651774,-0.389782,4.576305,-0.378665,-0.478786,0.974382,-0.460782
781,-0.592272,-0.195906,0.46766,-0.511059,-0.160315,-0.129921,-0.293503,-0.389782,-0.200392,-0.378665,-0.478786,-1.026291,2.170225
1038,0.060616,-0.190038,0.788632,-0.245863,-0.292689,-0.173029,-0.34519,2.565534,-0.156163,-0.378665,-0.478786,-1.026291,2.170225
639,0.609658,-0.192282,1.425789,-0.245863,-0.094129,-0.314927,-0.523742,-0.389782,-0.111934,-0.378665,2.088616,-1.026291,-0.460782
902,0.158172,-0.255086,1.540145,-0.26279,-0.259596,-0.211348,-1.026507,-0.389782,-0.377306,-0.378665,-0.478786,0.974382,-0.460782
1126,0.831868,-0.236138,0.644904,-0.116086,-0.127222,-0.161055,-0.688197,-0.389782,-0.333078,-0.378665,-0.478786,0.974382,-0.460782
1267,1.29158,-0.189966,0.040342,-0.522344,-0.027942,-0.274214,-0.086759,-0.389782,-0.333078,-0.378665,-0.478786,0.974382,-0.460782
1750,-0.215501,-0.244368,-0.137639,-0.110443,-0.325783,-0.266431,-0.533139,2.565534,-0.377306,-0.378665,2.088616,-1.026291,-0.460782
811,0.174141,-0.181,-0.373534,-0.257148,-0.358876,-0.230507,0.17637,-0.389782,-0.333078,-0.378665,-0.478786,-1.026291,2.170225
1192,0.079295,-0.166539,1.470261,-0.296645,-0.325783,-0.240087,-0.368683,-0.389782,-0.200392,-0.378665,2.088616,-1.026291,-0.460782
1432,-0.522395,-0.231569,0.116395,-0.274075,-0.292689,-0.221526,-0.486152,-0.389782,-0.200392,-0.378665,-0.478786,0.974382,-0.460782
1698,2.858279,4.216177,-1.270156,1.920849,-0.49125,-0.45503,2.878144,2.565534,-0.333078,-0.378665,2.088616,-1.026291,-0.460782
1265,-0.047682,-0.241307,1.296976,-0.144298,-0.358876,-0.071844,-0.871448,-0.389782,-0.200392,2.640859,-0.478786,-1.026291,-0.460782
1811,-1.629576,0.499156,-2.024708,2.902641,1.990759,2.688287,2.737182,-0.389782,1.170697,-0.378665,-0.478786,0.974382,-0.460782
1359,-0.575625,-0.185051,-0.736216,-0.206365,-0.226502,-0.250265,0.354922,2.565534,-0.377306,-0.378665,-0.478786,0.974382,-0.460782
1677,-1.400204,0.440976,-2.251304,5.458683,3.24831,2.984058,2.840555,-0.389782,1.170697,-0.378665,-0.478786,0.974382,-0.460782
865,-0.24018,-0.259274,0.73882,-0.39821,-0.061035,-0.311335,-0.932532,-0.389782,-0.156163,-0.378665,-0.478786,0.974382,-0.460782
1119,-0.664954,-0.299569,0.888625,-0.556199,-0.358876,-0.262838,-1.407104,-0.389782,-0.156163,-0.378665,-0.478786,-1.026291,2.170225
1790,1.196541,-0.139016,0.149358,-0.30793,-0.325783,-0.151475,0.228056,2.565534,-0.333078,-0.378665,-0.478786,0.974382,-0.460782
772,0.331024,-0.207661,-0.820648,-0.573126,-0.226502,-0.360431,0.199864,-0.389782,-0.156163,2.640859,-0.478786,-1.026291,-0.460782
1284,1.228092,-0.255186,0.947,-0.206365,-0.226502,-0.157462,-0.932532,-0.389782,-0.200392,-0.378665,-0.478786,0.974382,-0.460782
808,0.365188,-0.211503,0.353672,-0.155583,-0.027942,-0.352647,-0.382779,-0.389782,-0.288849,-0.378665,2.088616,-1.026291,-0.460782
379,-0.308508,-0.200312,1.888924,-0.364355,-0.49125,-0.181411,-0.669402,-0.389782,-0.288849,-0.378665,-0.478786,0.974382,-0.460782
1275,-0.388063,-0.218852,2.292947,-0.426422,-0.193409,-0.187997,-0.857352,-0.389782,-0.111934,-0.378665,-0.478786,0.974382,-0.460782
669,-0.013421,-0.29778,0.498137,-0.212008,-0.524343,-0.340673,-1.346021,-0.389782,-0.24462,-0.378665,-0.478786,0.974382,-0.460782
464,-0.128204,-0.247093,-0.921009,-0.245863,-0.358876,-0.245475,-0.190131,-0.389782,-0.377306,-0.378665,-0.478786,0.974382,-0.460782
1613,-1.570636,-0.204436,-1.797284,1.5823,5.101544,4.362328,1.214791,-0.389782,7.230026,-0.378665,-0.478786,0.974382,-0.460782
215,0.342057,-0.166366,0.873065,-0.432064,-0.226502,-0.216736,-0.208926,-0.389782,-0.200392,-0.378665,-0.478786,0.974382,-0.460782
1059,-0.086975,-0.221014,0.666633,-0.511059,-0.325783,-0.24308,-0.556633,-0.389782,-0.023477,-0.378665,-0.478786,-1.026291,2.170225
848,-0.364932,-0.215881,1.240074,-0.386925,-0.160315,-0.283195,-0.655306,-0.389782,-0.200392,-0.378665,-0.478786,0.974382,-0.460782
555,-0.522782,-0.205154,0.494177,-0.432064,-0.458157,-0.276609,-0.373382,-0.389782,-0.200392,-0.378665,-0.478786,0.974382,-0.460782
907,-1.37233,-0.214773,-0.504096,-0.477204,-0.292689,-0.151475,-0.058567,-0.389782,-0.377306,-0.378665,2.088616,-1.026291,-0.460782
164,-0.000453,-0.174932,0.054337,-0.274075,-0.292689,-0.226915,0.021312,-0.389782,-0.24462,2.640859,-0.478786,-1.026291,-0.460782
557,-0.212501,-0.194399,0.563326,-0.042733,-0.226502,-0.352049,-0.312298,-0.389782,-0.288849,-0.378665,-0.478786,0.974382,-0.460782
199,0.625336,-0.236002,-0.138375,-0.426422,-0.425063,-0.41252,-0.443863,-0.389782,-0.200392,-0.378665,-0.478786,-1.026291,2.170225
298,-0.333962,-0.22601,0.437644,-0.228935,-0.458157,-0.101781,-0.537838,-0.389782,-0.023477,2.640859,-0.478786,-1.026291,-0.460782
1129,-0.648308,-0.166802,0.417479,-0.212008,-0.094129,-0.273017,-0.058567,-0.389782,-0.288849,-0.378665,-0.478786,0.974382,-0.460782
946,-0.383611,-0.246466,0.974807,-0.319215,-0.259596,-0.229908,-0.852653,-0.389782,-0.288849,-0.378665,-0.478786,0.974382,-0.460782
1767,-1.599477,-0.159227,-2.35323,2.456885,5.531759,6.135757,2.553932,2.565534,6.035852,-0.378665,-0.478786,0.974382,-0.460782
6,-1.027208,-0.270111,-0.430436,-0.110443,-0.127222,-0.231704,-0.758678,-0.389782,-0.288849,-0.378665,2.088616,-1.026291,-0.460782
1494,0.507263,-0.262789,1.049756,-0.420779,-0.160315,-0.219131,-1.021808,-0.389782,-0.24462,2.640859,-0.478786,-1.026291,-0.460782
1109,-0.482715,-0.241161,0.100651,-0.3305,-0.094129,-0.328099,-0.580126,-0.389782,-0.288849,-0.378665,2.088616,-1.026291,-0.460782
1646,-1.468725,-0.075257,-1.587998,1.751575,7.285712,4.980813,1.717556,2.565534,4.355162,-0.378665,-0.478786,0.974382,-0.460782
86,-0.252859,-0.18645,1.150209,-0.522344,-0.259596,-0.306545,-0.420369,-0.389782,-0.200392,-0.378665,-0.478786,0.974382,-0.460782
1292,-0.031713,-0.23731,1.821525,-0.3305,-0.193409,-0.15387,-0.923134,-0.389782,-0.24462,-0.378665,-0.478786,0.974382,-0.460782
1762,2.537448,5.232764,-1.309012,0.205536,-0.59053,-0.433475,2.906337,-0.389782,-0.377306,-0.378665,-0.478786,0.974382,-0.460782
1543,0.44813,-0.180164,-0.013154,-0.24022,-0.49125,-0.159857,0.011914,-0.389782,-0.200392,-0.378665,-0.478786,0.974382,-0.460782
1174,1.680352,-0.295182,0.332034,-0.291002,-0.226502,-0.199373,-1.289636,-0.389782,-0.377306,-0.378665,-0.478786,0.974382,-0.460782
1103,0.001483,-0.232732,0.370521,-0.403852,-0.524343,-0.258048,-0.580126,-0.389782,-0.377306,2.640859,-0.478786,-1.026291,-0.460782
1218,0.306248,-0.243596,0.096231,-0.206365,-0.358876,-0.216736,-0.608319,-0.389782,-0.156163,2.640859,-0.478786,-1.026291,-0.460782
1743,-1.769522,-0.206334,0.470422,-0.324857,-0.458157,-0.021551,-0.378081,2.565534,-0.24462,-0.378665,-0.478786,-1.026291,2.170225
1434,-0.162368,-0.151278,-1.128822,-0.302287,-0.061035,-0.244278,0.899976,-0.389782,-0.200392,-0.378665,-0.478786,0.974382,-0.460782
260,0.333734,-0.145719,0.057652,-0.499774,-0.39197,-0.312533,0.223358,-0.389782,-0.288849,-0.378665,-0.478786,0.974382,-0.460782
1057,0.475809,-0.257285,0.352198,0.036261,-0.160315,-0.435272,-0.824461,-0.389782,-0.111934,-0.378665,-0.478786,0.974382,-0.460782
1582,-0.043714,-0.17714,0.585608,-0.200723,-0.325783,-0.306545,-0.190131,-0.389782,-0.288849,-0.378665,-0.478786,-1.026291,2.170225
134,0.32241,-0.20906,0.032423,-0.432064,-0.027942,-0.195781,-0.246516,-0.389782,-0.156163,-0.378665,2.088616,-1.026291,-0.460782
1531,-0.59924,-0.258684,0.967901,-0.21765,-0.292689,-0.185602,-0.970122,-0.389782,-0.333078,-0.378665,-0.478786,-1.026291,2.170225
992,-0.043424,-0.227527,0.844245,-0.336142,-0.160315,-0.260443,-0.660005,-0.389782,-0.156163,-0.378665,-0.478786,0.974382,-0.460782
1517,-0.728443,-0.209895,0.354684,-0.21765,-0.094129,-0.316125,-0.368683,-0.389782,-0.111934,-0.378665,2.088616,-1.026291,-0.460782
1716,1.280257,-0.208233,0.606048,-0.37564,-0.292689,-0.343068,-0.434466,2.565534,-0.24462,-0.378665,-0.478786,-1.026291,2.170225
963,-1.068727,-0.218325,0.020177,-0.296645,-0.160315,-0.244278,-0.326395,-0.389782,-0.200392,2.640859,-0.478786,-1.026291,-0.460782
1729,-0.45852,-0.206916,-0.829948,-0.268433,-0.160315,0.10478,0.21396,2.565534,-0.24462,-0.378665,2.088616,-1.026291,-0.460782
824,0.233275,-0.187041,0.518946,-0.324857,-0.193409,-0.233501,-0.241817,-0.389782,-0.200392,-0.378665,-0.478786,0.974382,-0.460782
853,1.052627,-0.196143,1.248269,-0.178153,-0.325783,-0.295169,-0.509645,-0.389782,-0.24462,-0.378665,-0.478786,0.974382,-0.460782
1162,-0.283151,-0.226373,0.206536,-0.369997,-0.524343,-0.228112,-0.467357,-0.389782,-0.333078,-0.378665,-0.478786,0.974382,-0.460782
1614,6.36835,5.643672,-1.351642,1.063192,-0.59053,-0.462813,2.915734,2.565534,-0.377306,-0.378665,2.088616,-1.026291,-0.460782
58,0.674405,-0.177857,0.630264,-0.443349,-0.458157,-0.166443,-0.208926,-0.389782,-0.377306,2.640859,-0.478786,-1.026291,-0.460782
561,-0.636501,-0.238972,0.398512,-0.274075,-0.259596,-0.241284,-0.650608,-0.389782,-0.288849,2.640859,-0.478786,-1.026291,-0.460782
593,0.800898,-0.176231,0.855662,-0.3305,-0.358876,-0.270622,-0.27001,-0.389782,-0.200392,-0.378665,-0.478786,0.974382,-0.460782
1428,-0.253536,-0.1925,1.237588,-0.19508,-0.358876,-0.197577,-0.481453,-0.389782,-0.24462,-0.378665,-0.478786,-1.026291,2.170225
396,-0.97901,-0.242415,0.207365,-0.245863,-0.292689,-0.252061,-0.627114,-0.389782,-0.24462,-0.378665,2.088616,-1.026291,-0.460782
65,0.897776,-0.183589,-0.672868,-0.138656,0.038245,-0.110762,0.32673,-0.389782,-0.288849,-0.378665,-0.478786,0.974382,-0.460782
1332,-0.109138,-0.199903,-0.043078,-0.144298,-0.292689,-0.30894,-0.133746,-0.389782,-0.200392,-0.378665,-0.478786,0.974382,-0.460782
652,-0.879035,-0.20122,0.30524,-0.477204,-0.193409,-0.222125,-0.279407,-0.389782,-0.200392,-0.378665,-0.478786,-1.026291,2.170225
879,1.196057,-0.195861,-0.417638,-0.268433,-0.425063,-0.199972,0.072998,-0.389782,-0.200392,-0.378665,-0.478786,0.974382,-0.460782
200,0.180625,-0.167665,-0.926534,-0.189438,-0.425063,-0.187997,0.62275,2.565534,-0.111934,-0.378665,2.088616,-1.026291,-0.460782
1263,0.021033,-0.24147,0.588646,-0.296645,-0.292689,-0.279603,-0.721089,-0.389782,-0.24462,-0.378665,-0.478786,0.974382,-0.460782
256,-0.969816,-0.19062,1.898316,-0.386925,-0.061035,-0.367615,-0.608319,-0.389782,-0.156163,-0.378665,-0.478786,0.974382,-0.460782
537,0.828384,-0.220759,0.029937,-0.369997,-0.358876,-0.262838,-0.354587,-0.389782,-0.288849,-0.378665,-0.478786,0.974382,-0.460782
297,-0.227599,-0.176849,-0.746896,-0.223293,-0.325783,-0.246074,0.430102,-0.389782,-0.200392,-0.378665,-0.478786,0.974382,-0.460782
1015,0.030324,-0.167039,-0.187911,-0.392567,-0.226502,-0.262838,0.190467,-0.389782,-0.377306,-0.378665,2.088616,-1.026291,-0.460782
619,-0.388353,-0.156274,0.9075,-0.274075,-0.259596,-0.15387,-0.152541,-0.389782,-0.24462,2.640859,-0.478786,-1.026291,-0.460782
1537,0.351542,-0.219851,1.290439,-0.245863,-0.193409,-0.337679,-0.692896,-0.389782,-0.24462,2.640859,-0.478786,-1.026291,-0.460782
571,0.484616,-0.137417,0.296033,-0.420779,-0.226502,-0.157462,0.17637,-0.389782,-0.24462,2.640859,-0.478786,-1.026291,-0.460782
738,-0.853775,-0.230361,1.314378,-0.206365,-0.061035,-0.298762,-0.782172,-0.389782,-0.111934,-0.378665,2.088616,-1.026291,-0.460782
340,0.428483,-0.202356,0.090614,-0.336142,-0.160315,-0.156864,-0.208926,-0.389782,-0.023477,-0.378665,-0.478786,-1.026291,2.170225
45,0.614981,-0.228689,-0.404195,-0.381282,-0.292689,-0.339475,-0.251215,-0.389782,-0.24462,-0.378665,2.088616,-1.026291,-0.460782
1435,1.518533,-0.229743,0.311317,0.047546,-0.193409,-0.118545,-0.533139,-0.389782,-0.200392,-0.378665,-0.478786,0.974382,-0.460782
1597,-0.82416,-0.18764,0.199723,-0.200723,-0.160315,-0.255654,-0.133746,2.565534,-0.24462,-0.378665,-0.478786,0.974382,-0.460782
681,-0.554914,-0.242251,0.345937,-0.087873,0.104432,-0.322711,-0.664704,-0.389782,-0.156163,-0.378665,-0.478786,-1.026291,2.170225
821,-0.449616,-0.247592,-0.503451,-0.313572,-0.094129,-0.222724,-0.425068,-0.389782,-0.377306,-0.378665,-0.478786,0.974382,-0.460782
194,0.08065,-0.222803,-0.071897,-0.364355,-0.259596,-0.375399,-0.331093,-0.389782,-0.24462,2.640859,-0.478786,-1.026291,-0.460782
1047,1.832976,-0.20935,-0.658136,-0.319215,0.038245,-0.331093,0.082396,-0.389782,-0.288849,-0.378665,-0.478786,0.974382,-0.460782
1140,0.171625,-0.219924,2.007792,-0.313572,-0.425063,-0.365819,-0.824461,-0.389782,-0.200392,-0.378665,-0.478786,0.974382,-0.460782
658,0.300441,-0.22492,0.944607,-0.386925,-0.160315,-0.359233,-0.660005,-0.389782,-0.156163,-0.378665,-0.478786,0.974382,-0.460782
522,-0.426969,-0.197887,0.09973,-0.30793,-0.292689,-0.211348,-0.176035,2.565534,-0.24462,-0.378665,-0.478786,0.974382,-0.460782
90,-0.36377,-0.22957,0.804837,-0.364355,-0.094129,-0.283195,-0.664704,-0.389782,-0.24462,-0.378665,-0.478786,0.974382,-0.460782
1792,-1.494953,-0.069844,-1.699777,2.315823,2.2886,4.207257,1.85382,-0.389782,3.780189,-0.378665,-0.478786,0.974382,-0.460782
383,0.504263,-0.21104,-0.268292,-0.279717,-0.226502,-0.336482,-0.138445,-0.389782,-0.111934,-0.378665,2.088616,-1.026291,-0.460782
700,0.809705,-0.282219,-0.916682,-0.161225,-0.358876,-0.314927,-0.763377,2.565534,-0.111934,-0.378665,-0.478786,0.974382,-0.460782
1812,0.512876,-0.15394,-0.002841,-0.048376,-0.358876,-0.187399,0.195165,2.565534,-0.111934,-0.378665,-0.478786,-1.026291,2.170225
1708,2.434763,6.53913,-1.857777,0.476375,-0.39197,-0.396953,2.958023,-0.389782,-0.333078,-0.378665,2.088616,-1.026291,-0.460782
1474,-0.524525,-0.213838,-1.149999,-0.39821,-0.127222,-0.261042,0.383115,-0.389782,-0.333078,-0.378665,2.088616,-1.026291,-0.460782
974,-0.044779,-0.220051,0.76414,-0.505417,-0.292689,-0.273615,-0.575428,-0.389782,-0.24462,-0.378665,-0.478786,0.974382,-0.460782
437,0.094683,-0.159645,0.963666,-0.39821,-0.358876,-0.225717,-0.190131,-0.389782,-0.333078,-0.378665,-0.478786,0.974382,-0.460782
477,0.47097,-0.150697,-0.254113,-0.228935,0.005152,-0.292775,0.336127,-0.389782,-0.333078,-0.378665,-0.478786,-1.026291,2.170225
222,-0.117365,-0.184833,-0.74174,-0.183795,-0.325783,-0.281997,0.359621,2.565534,-0.288849,-0.378665,-0.478786,0.974382,-0.460782
835,0.984686,-0.2152,0.185543,-0.042733,-0.160315,-0.250864,-0.359286,-0.389782,-0.24462,-0.378665,-0.478786,-1.026291,2.170225
1464,-0.813417,-0.189657,-0.573244,-0.313572,-0.226502,-0.272418,0.21396,-0.389782,-0.288849,-0.378665,-0.478786,0.974382,-0.460782
419,-0.188886,-0.179501,1.210886,-0.28536,-0.160315,-0.1395,-0.387478,-0.389782,-0.24462,-0.378665,-0.478786,0.974382,-0.460782
1681,3.327185,3.834,-1.759349,0.656934,-0.524343,-0.441259,2.920433,-0.389782,-0.377306,-0.378665,-0.478786,0.974382,-0.460782
335,0.108039,-0.304583,-0.846521,-0.623909,-0.49125,-0.144889,-1.256745,-0.389782,-0.200392,-0.378665,-0.478786,0.974382,-0.460782
1669,-1.556119,0.595407,-1.826011,4.516389,2.090039,0.845405,2.676099,-0.389782,0.020752,-0.378665,-0.478786,-1.026291,2.170225
1799,-1.542376,-0.047743,-2.252593,2.733366,3.016656,3.029561,2.582124,-0.389782,6.035852,-0.378665,-0.478786,0.974382,-0.460782
1229,0.183626,-0.25525,0.303031,-0.104801,-0.160315,-0.266431,-0.79157,-0.389782,-0.333078,-0.378665,2.088616,-1.026291,-0.460782
1548,-0.351673,-0.274834,1.0899,-0.420779,-0.061035,-0.462813,-1.148674,2.565534,-0.200392,-0.378665,-0.478786,0.974382,-0.460782
1355,-0.892875,-0.167575,0.836419,0.256318,-0.358876,-0.201169,-0.204227,-0.389782,-0.24462,-0.378665,-0.478786,0.974382,-0.460782
733,-0.096363,-0.183089,1.302685,-0.166868,-0.226502,-0.200571,-0.434466,-0.389782,-0.067706,-0.378665,-0.478786,0.974382,-0.460782
1831,-1.653481,-0.14155,-1.692411,1.881352,3.744712,4.659895,1.529607,-0.389782,5.283964,-0.378665,-0.478786,0.974382,-0.460782
1485,-0.73696,-0.245203,0.093837,-0.403852,-0.39197,-0.174825,-0.622415,-0.389782,-0.333078,-0.378665,-0.478786,0.974382,-0.460782
1550,0.531652,-0.20321,0.982173,-0.076588,-0.292689,-0.366418,-0.495549,-0.389782,-0.333078,-0.378665,-0.478786,0.974382,-0.460782
1202,-1.024595,-0.218234,-1.302475,-0.37564,-0.226502,-0.293373,0.472391,-0.389782,-0.156163,-0.378665,-0.478786,-1.026291,2.170225
232,0.872903,-0.209913,1.387946,-0.657764,-0.325783,-0.239488,-0.64121,-0.389782,-0.288849,-0.378665,-0.478786,0.974382,-0.460782
1700,0.079295,-0.230125,-0.337348,-0.403852,-0.292689,-0.145488,-0.298202,2.565534,0.06498,-0.378665,2.088616,-1.026291,-0.460782
440,0.489649,-0.155766,0.859253,-0.358712,-0.325783,-0.34187,-0.133746,-0.389782,-0.156163,-0.378665,-0.478786,0.974382,-0.460782
152,0.453549,-0.222621,0.288851,-0.161225,-0.325783,-0.211348,-0.457959,-0.389782,-0.24462,-0.378665,-0.478786,0.974382,-0.460782
615,-0.30396,-0.200548,0.00655,-0.268433,-0.458157,-0.232902,-0.161939,-0.389782,-0.111934,2.640859,-0.478786,-1.026291,-0.460782
183,-1.023143,-0.182989,0.944146,-0.409495,-0.061035,-0.353246,-0.340491,-0.389782,-0.24462,-0.378665,2.088616,-1.026291,-0.460782
130,-0.588981,-0.223275,-0.664766,-0.025806,-0.358876,-0.090405,-0.058567,-0.389782,-0.200392,-0.378665,-0.478786,0.974382,-0.460782
1707,2.664716,3.877002,-1.750602,0.583582,-0.524343,-0.462813,2.920433,-0.389782,-0.24462,-0.378665,-0.478786,0.974382,-0.460782
1277,-0.077394,-0.243341,-0.781608,-0.302287,-0.292689,-0.241883,-0.227721,-0.389782,-0.24462,-0.378665,-0.478786,-1.026291,2.170225
46,-0.606305,-0.241397,-0.094548,-0.121728,-0.094129,-0.193985,-0.519043,-0.389782,-0.200392,2.640859,-0.478786,-1.026291,-0.460782
871,-0.012744,-0.245394,0.176244,-0.24022,-0.39197,-0.229908,-0.650608,-0.389782,-0.288849,-0.378665,-0.478786,0.974382,-0.460782
140,0.318539,-0.150452,1.275154,-0.24022,-0.160315,-0.299361,-0.223022,-0.389782,-0.24462,-0.378665,-0.478786,0.974382,-0.460782
1180,-0.197597,-0.217571,1.825761,0.098329,-0.226502,-0.200571,-0.777473,2.565534,-0.333078,-0.378665,-0.478786,0.974382,-0.460782
1233,-0.526751,-0.224366,-0.136718,-0.369997,-0.325783,-0.260443,-0.321696,-0.389782,-0.24462,-0.378665,-0.478786,0.974382,-0.460782
912,0.518199,-0.217498,0.85023,-0.189438,-0.358876,-0.188596,-0.575428,-0.389782,-0.24462,-0.378665,-0.478786,-1.026291,2.170225
1080,0.753185,-0.226936,-0.187083,-0.24022,-0.127222,-0.156265,-0.326395,2.565534,-0.24462,2.640859,-0.478786,-1.026291,-0.460782
1542,-0.168078,-0.233467,-0.596999,-0.17251,-0.292689,-0.177819,-0.208926,-0.389782,-0.200392,-0.378665,-0.478786,0.974382,-0.460782
310,-0.439744,-0.28647,0.189595,-0.28536,-0.292689,-0.200571,-1.148674,-0.389782,-0.288849,2.640859,-0.478786,-1.026291,-0.460782
983,1.386136,-0.199313,0.947829,-0.274075,-0.127222,-0.203564,-0.457959,-0.389782,-0.288849,-0.378665,-0.478786,0.974382,-0.460782
810,-0.837032,-0.185696,0.742134,-0.14994,-0.027942,-0.292176,-0.302901,-0.389782,-0.200392,-0.378665,-0.478786,-1.026291,2.170225
1844,-1.438529,-8e-06,-1.374845,3.703872,3.413778,4.533564,1.77864,2.565534,4.08979,-0.378665,-0.478786,0.974382,-0.460782
282,0.134557,-0.217753,-1.082232,-0.364355,-0.193409,-0.244278,0.284441,-0.389782,-0.333078,-0.378665,-0.478786,0.974382,-0.460782
893,-0.116397,-0.151651,1.454332,-0.268433,-0.358876,-0.147883,-0.274709,-0.389782,-0.111934,-0.378665,-0.478786,0.974382,-0.460782
85,0.974814,-0.213865,0.469686,-0.28536,-0.226502,-0.334087,-0.439164,-0.389782,-0.156163,2.640859,-0.478786,-1.026291,-0.460782
1258,0.624853,-0.227745,-0.122999,-0.21765,-0.061035,-0.261042,-0.363985,-0.389782,-0.111934,-0.378665,-0.478786,0.974382,-0.460782
467,-0.840806,-0.215781,1.258489,-0.200723,-0.425063,-0.292176,-0.655306,-0.389782,-0.288849,2.640859,-0.478786,-1.026291,-0.460782
1028,0.914616,-0.271946,0.52493,-0.116086,-0.358876,-0.166443,-1.031205,-0.389782,-0.067706,-0.378665,-0.478786,-1.026291,2.170225
1427,0.79693,-0.190602,0.481471,-0.420779,-0.193409,-0.154469,-0.255914,2.565534,-0.156163,-0.378665,2.088616,-1.026291,-0.460782
1091,-0.282958,-0.191237,1.645479,-0.17251,-0.59053,-0.251462,-0.56603,-0.389782,-0.200392,-0.378665,-0.478786,0.974382,-0.460782
820,-0.741605,-0.201048,1.38859,-0.212008,-0.226502,-0.244876,-0.575428,-0.389782,-0.288849,-0.378665,2.088616,-1.026291,-0.460782
1095,-0.620919,-0.264561,0.283695,0.103971,-0.027942,-0.326902,-0.890243,-0.389782,-0.156163,-0.378665,-0.478786,0.974382,-0.460782
1786,-0.266021,-0.164968,-2.047358,-0.437707,0.005152,-0.146086,1.914903,2.565534,-0.200392,-0.378665,-0.478786,0.974382,-0.460782
455,1.362328,-0.23701,0.454954,-0.268433,-0.358876,-0.258647,-0.645909,-0.389782,-0.156163,-0.378665,-0.478786,0.974382,-0.460782
1595,-0.554624,-0.218588,-0.934821,-0.087873,-0.094129,-0.157462,0.166973,-0.389782,-0.288849,-0.378665,-0.478786,0.974382,-0.460782
1617,0.480842,-0.264724,0.577137,-0.556199,-0.160315,-0.290978,-0.956025,2.565534,-0.333078,-0.378665,-0.478786,-1.026291,2.170225
1176,-0.991882,-0.179429,-0.046208,-0.14994,-0.160315,-0.218532,0.030709,-0.389782,-0.111934,-0.378665,-0.478786,-1.026291,2.170225
1030,0.251857,-0.206852,-0.587976,-0.21765,-0.325783,-0.288583,0.068299,-0.389782,-0.24462,-0.378665,-0.478786,0.974382,-0.460782
1,-0.134785,-0.216635,0.815702,-0.30793,-0.259596,-0.361029,-0.561332,-0.389782,-0.156163,-0.378665,-0.478786,0.974382,-0.460782
257,0.24634,-0.24762,-0.052101,-0.138656,-0.127222,-0.242482,-0.60362,-0.389782,-0.288849,-0.378665,-0.478786,-1.026291,2.170225
1793,-1.583508,0.50685,-1.905655,5.458683,3.016656,3.027765,2.680797,-0.389782,1.612984,-0.378665,-0.478786,0.974382,-0.460782
1112,-0.408871,-0.224411,1.171202,-0.21765,-0.226502,-0.27601,-0.706992,-0.389782,-0.156163,-0.378665,-0.478786,0.974382,-0.460782
564,-0.133818,-0.176249,1.301948,-0.228935,-0.39197,-0.262838,-0.387478,-0.389782,-0.156163,-0.378665,-0.478786,0.974382,-0.460782
833,-0.425227,-0.194544,-0.160841,-0.702903,-0.49125,-0.25745,-0.039772,-0.389782,-0.111934,-0.378665,2.088616,-1.026291,-0.460782
1291,-0.892294,-0.23017,0.840746,-0.257148,-0.193409,-0.29038,-0.6788,-0.389782,-0.333078,-0.378665,-0.478786,0.974382,-0.460782
1691,-1.405139,0.833035,-2.162636,1.920849,1.924572,2.410478,2.864048,-0.389782,1.701441,-0.378665,-0.478786,0.974382,-0.460782
498,0.623498,-0.183471,0.051299,-0.014521,-0.259596,-0.350851,-0.039772,-0.389782,-0.111934,-0.378665,-0.478786,0.974382,-0.460782
1557,0.181496,-0.225737,-0.364695,-0.161225,-0.39197,-0.314927,-0.237119,-0.389782,-0.333078,-0.378665,2.088616,-1.026291,-0.460782
1188,-0.106332,-0.230579,0.309752,-0.28536,-0.027942,-0.203564,-0.542537,-0.389782,-0.288849,2.640859,-0.478786,-1.026291,-0.460782
729,-0.807417,-0.201211,1.033735,-0.212008,-0.358876,-0.30894,-0.495549,-0.389782,-0.200392,-0.378665,2.088616,-1.026291,-0.460782
328,-0.168465,-0.163024,0.366562,-0.21765,-0.292689,-0.178418,-0.016278,-0.389782,-0.333078,-0.378665,-0.478786,-1.026291,2.170225
292,-0.288668,-0.144838,-0.336151,-0.313572,-0.094129,-0.329297,0.420705,-0.389782,-0.24462,-0.378665,2.088616,-1.026291,-0.460782
791,0.400513,-0.239145,0.257914,-0.606981,-0.59053,-0.348456,-0.608319,-0.389782,-0.24462,-0.378665,-0.478786,0.974382,-0.460782
210,1.621799,-0.200212,0.375401,-0.291002,-0.425063,-0.240087,-0.293503,-0.389782,-0.067706,-0.378665,-0.478786,0.974382,-0.460782
693,0.607819,-0.267894,0.425306,-0.426422,-0.127222,-0.194583,-0.960724,-0.389782,-0.200392,-0.378665,-0.478786,0.974382,-0.460782
1149,0.61469,-0.204027,-0.271147,-0.059661,-0.39197,-0.302953,-0.067964,-0.389782,-0.156163,-0.378665,-0.478786,0.974382,-0.460782
314,-0.610079,-0.185487,0.862384,-0.26279,-0.292689,-0.21015,-0.335792,-0.389782,-0.333078,-0.378665,2.088616,-1.026291,-0.460782
24,-0.727379,-0.228653,0.52447,0.036261,-0.292689,-0.302953,-0.584825,-0.389782,-0.200392,-0.378665,-0.478786,0.974382,-0.460782
910,-0.217437,-0.202474,-0.070056,-0.200723,-0.292689,-0.244278,-0.147843,-0.389782,-0.200392,-0.378665,-0.478786,0.974382,-0.460782
133,-0.764156,-0.274553,-0.742385,0.019334,-0.127222,-0.153271,-0.702294,2.565534,-0.156163,-0.378665,-0.478786,-1.026291,2.170225
311,0.947328,-0.225483,0.080302,-0.19508,-0.358876,-0.234099,-0.415671,-0.389782,-0.288849,-0.378665,-0.478786,0.974382,-0.460782
640,0.450259,-0.203491,2.977614,-0.268433,-0.160315,-0.24787,-0.852653,-0.389782,-0.156163,-0.378665,2.088616,-1.026291,-0.460782
1048,0.01029,-0.170808,0.611849,-0.511059,-0.292689,-0.346061,-0.15724,-0.389782,-0.111934,-0.378665,-0.478786,0.974382,-0.460782
928,-0.005292,-0.26784,0.785041,-0.409495,-0.226502,-0.235297,-1.031205,-0.389782,-0.288849,-0.378665,-0.478786,0.974382,-0.460782
545,-0.63563,-0.214165,-0.336704,-0.257148,-0.458157,-0.287386,-0.133746,-0.389782,-0.377306,-0.378665,2.088616,-1.026291,-0.460782
53,-0.413226,-0.186977,-0.458795,-0.257148,-0.226502,-0.390966,0.171672,-0.389782,-0.200392,-0.378665,-0.478786,0.974382,-0.460782
880,-0.865002,-0.237037,0.678327,-0.437707,-0.226502,-0.024545,-0.702294,-0.389782,-0.24462,2.640859,-0.478786,-1.026291,-0.460782
1253,0.325991,-0.214592,-0.110016,-0.432064,-0.358876,-0.232902,-0.237119,-0.389782,-0.288849,-0.378665,2.088616,-1.026291,-0.460782
543,-0.559269,-0.189039,-0.042986,-0.386925,-0.259596,-0.291577,-0.04447,-0.389782,-0.111934,-0.378665,-0.478786,0.974382,-0.460782
1476,-0.289055,-0.179302,-0.097402,-0.646479,-0.358876,-0.231704,0.054203,-0.389782,-0.377306,2.640859,-0.478786,-1.026291,-0.460782
510,0.508134,-0.190929,1.075629,-0.054018,-0.193409,-0.204163,-0.429767,-0.389782,-0.067706,-0.378665,-0.478786,0.974382,-0.460782
1120,-0.473714,-0.22244,0.631921,-0.178153,-0.094129,-0.293972,-0.561332,-0.389782,-0.377306,-0.378665,-0.478786,-1.026291,2.170225
786,-0.541461,-0.253633,0.267306,-0.048376,-0.193409,-0.159857,-0.763377,-0.389782,-0.200392,-0.378665,-0.478786,0.974382,-0.460782
771,-0.402773,-0.219851,-1.628971,-0.042733,-0.094129,-0.30894,0.815399,-0.389782,-0.156163,-0.378665,-0.478786,0.974382,-0.460782
1249,-0.03752,-0.228916,0.124406,-0.488489,-0.358876,-0.180813,-0.462658,-0.389782,-0.24462,-0.378665,-0.478786,0.974382,-0.460782
1711,-1.441723,0.395893,-2.336196,4.730804,3.04975,3.120568,2.882843,-0.389782,1.214926,-0.378665,-0.478786,-1.026291,2.170225
580,0.105426,-0.237282,-0.408154,-0.291002,-0.325783,-0.189195,-0.34519,-0.389782,-0.200392,-0.378665,-0.478786,0.974382,-0.460782
1804,-1.550699,-0.196642,-1.966333,1.559731,1.990759,3.708518,1.562498,-0.389782,3.957104,-0.378665,-0.478786,0.974382,-0.460782
1438,0.636176,-0.200258,1.163192,-0.155583,-0.292689,-0.237692,-0.519043,-0.389782,-0.111934,-0.378665,2.088616,-1.026291,-0.460782
864,-0.709861,-0.263071,0.658347,-0.070946,-0.226502,-0.1395,-0.956025,-0.389782,-0.288849,-0.378665,-0.478786,-1.026291,2.170225
1239,0.930972,-0.265433,-0.502622,-0.133013,-0.358876,-0.144889,-0.664704,-0.389782,-0.24462,2.640859,-0.478786,-1.026291,-0.460782
93,-0.675407,-0.212866,0.293087,-0.070946,-0.292689,-0.388571,-0.373382,-0.389782,-0.333078,-0.378665,-0.478786,-1.026291,2.170225
1311,-0.009841,-0.218734,0.80272,-0.364355,-0.325783,-0.203564,-0.575428,-0.389782,-0.156163,-0.378665,2.088616,-1.026291,-0.460782
600,-0.252956,-0.180464,1.060436,-0.465919,-0.127222,-0.198176,-0.354587,-0.389782,-0.200392,2.640859,-0.478786,-1.026291,-0.460782
373,-1.032821,-0.193127,-0.434395,-0.296645,-0.358876,-0.331692,0.105889,-0.389782,-0.200392,-0.378665,-0.478786,0.974382,-0.460782
816,-0.399773,-0.17228,0.004156,-0.573126,-0.127222,-0.20536,0.063601,2.565534,-0.111934,2.640859,-0.478786,-1.026291,-0.460782
1314,-0.110977,-0.184461,0.59905,-0.443349,-0.127222,-0.174825,-0.246516,-0.389782,-0.067706,-0.378665,-0.478786,0.974382,-0.460782
1373,-0.103041,-0.22938,-0.047682,-0.415137,-0.127222,-0.320915,-0.406273,-0.389782,-0.24462,2.640859,-0.478786,-1.026291,-0.460782
1349,-0.18608,-0.155248,-1.148802,-0.24022,-0.292689,-0.293972,0.890578,-0.389782,-0.156163,-0.378665,-0.478786,0.974382,-0.460782
1649,3.804415,4.595292,-1.63201,1.074477,-0.557437,-0.437667,2.920433,2.565534,-0.288849,-0.378665,2.088616,-1.026291,-0.460782
1760,-1.515277,-0.074513,-2.160426,1.836212,3.281404,3.579792,2.403572,2.565534,3.824418,-0.378665,-0.478786,0.974382,-0.460782
1635,0.274213,-0.236174,-1.156628,-0.042733,-0.160315,-0.147883,0.124684,2.565534,-0.023477,-0.378665,-0.478786,-1.026291,2.170225
1840,3.66505,6.44247,-1.022107,1.03498,-0.49125,-0.435272,2.906337,-0.389782,-0.333078,-0.378665,2.088616,-1.026291,-0.460782
943,0.427418,-0.174969,1.106198,-0.595696,-0.292689,-0.271819,-0.331093,2.565534,-0.156163,-0.378665,-0.478786,0.974382,-0.460782
1596,-0.401806,-0.204554,0.756038,-0.166868,-0.259596,-0.320915,-0.448562,-0.389782,-0.24462,-0.378665,-0.478786,0.974382,-0.460782
220,-0.237471,-0.218652,0.584871,-0.415137,-0.259596,-0.179615,-0.514344,-0.389782,-0.377306,2.640859,-0.478786,-1.026291,-0.460782
726,-0.392321,-0.183153,-1.372359,-0.381282,-0.226502,-0.221526,0.881181,-0.389782,-0.377306,-0.378665,-0.478786,0.974382,-0.460782
773,0.335186,-0.176213,0.782371,-0.099158,-0.061035,-0.27122,-0.246516,-0.389782,-0.288849,2.640859,-0.478786,-1.026291,-0.460782
1481,0.283988,-0.188621,0.041262,-0.3305,-0.094129,-0.244876,-0.077362,-0.389782,-0.200392,-0.378665,-0.478786,0.974382,-0.460782
683,0.360833,-0.202374,0.387095,-0.409495,-0.358876,-0.326902,-0.316997,-0.389782,-0.156163,-0.378665,-0.478786,0.974382,-0.460782
460,0.662597,-0.242969,0.857044,-0.403852,-0.061035,-0.167641,-0.796268,2.565534,-0.288849,-0.378665,-0.478786,-1.026291,2.170225
1144,-0.853775,-0.258447,-0.725995,-0.341785,-0.325783,-0.240087,-0.462658,2.565534,-0.24462,-0.378665,2.088616,-1.026291,-0.460782
1133,-0.052037,-0.206943,0.678051,-0.3305,-0.259596,-0.33708,-0.443863,-0.389782,-0.288849,-0.378665,-0.478786,0.974382,-0.460782
1416,1.098017,-0.240416,1.240995,-0.432064,-0.358876,-0.220329,-0.852653,-0.389782,-0.24462,-0.378665,-0.478786,-1.026291,2.170225
1656,0.382415,-0.118841,0.817544,0.019334,-0.39197,-0.183208,0.096492,2.565534,-0.156163,-0.378665,-0.478786,0.974382,-0.460782
1381,-0.935846,-0.17,1.638021,-0.3305,-0.226502,-0.367615,-0.429767,-0.389782,-0.200392,-0.378665,-0.478786,0.974382,-0.460782
582,0.002547,-0.183943,1.750444,-0.426422,-0.292689,-0.206558,-0.537838,-0.389782,-0.067706,-0.378665,-0.478786,-1.026291,2.170225
999,0.722408,-0.244776,1.345684,-0.200723,-0.160315,-0.256252,-0.909038,-0.389782,-0.156163,2.640859,-0.478786,-1.026291,-0.460782
363,-0.566431,-0.235538,0.774637,-0.26279,-0.226502,-0.313131,-0.711691,-0.389782,-0.156163,-0.378665,-0.478786,0.974382,-0.460782
509,0.107652,-0.203092,-0.714946,-0.138656,-0.39197,-0.173029,0.17637,2.565534,-0.111934,-0.378665,-0.478786,0.974382,-0.460782
1316,-0.25344,-0.188467,-0.020428,-0.319215,-0.027942,-0.228112,-0.049169,-0.389782,-0.333078,-0.378665,-0.478786,-1.026291,2.170225
1131,-0.097815,-0.186405,-1.346578,-0.274075,-0.292689,-0.247271,0.829495,2.565534,-0.156163,-0.378665,-0.478786,0.974382,-0.460782
1013,-0.237374,-0.188076,0.505963,-0.313572,0.038245,-0.35624,-0.246516,-0.389782,-0.377306,-0.378665,-0.478786,0.974382,-0.460782
91,-0.3659,-0.191528,-0.612559,-0.268433,-0.259596,-0.33708,0.223358,-0.389782,-0.111934,-0.378665,-0.478786,0.974382,-0.460782
875,-0.544945,-0.208869,-0.434948,-0.313572,-0.49125,-0.053284,-0.035073,-0.389782,-0.156163,-0.378665,-0.478786,0.974382,-0.460782
1848,-1.507341,-0.08911,-1.640665,1.71772,2.520254,3.898314,1.717556,2.565534,5.195507,-0.378665,-0.478786,0.974382,-0.460782
231,0.781832,-0.237546,0.577597,-0.296645,-0.425063,-0.286787,-0.683499,-0.389782,-0.156163,2.640859,-0.478786,-1.026291,-0.460782
868,-0.693118,-0.205462,-0.662004,-0.403852,-0.094129,-0.27122,0.124684,-0.389782,-0.333078,-0.378665,-0.478786,-1.026291,2.170225
1190,-0.165659,-0.249255,-0.155225,-0.257148,-0.292689,-0.256851,-0.584825,-0.389782,-0.156163,-0.378665,-0.478786,0.974382,-0.460782
1843,-1.430012,-0.071733,-1.980236,4.787228,2.553348,2.188949,2.168635,-0.389782,0.551496,-0.378665,-0.478786,0.974382,-0.460782
182,0.440387,-0.221586,-0.955814,-0.082231,-0.193409,-0.335883,0.148178,-0.389782,-0.067706,-0.378665,2.088616,-1.026291,-0.460782
1619,3.158882,8.565728,-1.637442,1.571016,-0.524343,-0.462813,2.958023,-0.389782,-0.377306,-0.378665,2.088616,-1.026291,-0.460782
530,-0.753219,-0.18844,-0.53669,-0.3305,-0.292689,-0.365819,0.204563,-0.389782,-0.288849,-0.378665,-0.478786,-1.026291,2.170225
242,-0.664761,-0.253924,1.131794,-0.313572,-0.325783,-0.268826,-0.951327,2.565534,-0.24462,-0.378665,-0.478786,0.974382,-0.460782
1462,-0.230115,-0.192636,-0.526193,-0.319215,-0.425063,-0.273017,0.162274,-0.389782,0.06498,-0.378665,-0.478786,0.974382,-0.460782
470,0.438548,-0.260191,0.125695,-0.223293,-0.292689,-0.331692,-0.800967,-0.389782,-0.156163,-0.378665,-0.478786,0.974382,-0.460782
727,-0.091234,-0.271364,-0.433382,-0.166868,-0.49125,-0.380787,-0.772775,-0.389782,-0.333078,-0.378665,-0.478786,0.974382,-0.460782
1206,-0.60466,-0.178311,0.43258,-0.584411,-0.358876,-0.195781,-0.147843,-0.389782,-0.333078,-0.378665,-0.478786,0.974382,-0.460782
89,0.001289,-0.211049,-0.323998,-0.482847,-0.524343,-0.303552,-0.110253,-0.389782,-0.24462,-0.378665,2.088616,-1.026291,-0.460782
